genus_species,AUTHORITY,ORDER,FAMILY,Year,Origin,notes,COMMON NAME/S,Intentional_Release,source
Abragrallaspis cyanophylli,Signoret,Hemiptera,Diaspididae,1912,S.America,NA,NA,NA,TBA
Acanthoscelides macrophthalamus,Schaeffer,Coleoptera,Chrysomelidae,1996,NA,biocontrol agent??,NA,Y,TBA
Acanthoscelides obtectus,(Say),Coleoptera,Chrysomelidae,1901,NA,NA,NA,NA,TBA
Acheta domesticus,Linnaeus,Orthoptera,Gryllidae,1941,NA,NA,NA,NA,TBA
Achroia grisella,Fabricius,Lepidoptera,Pyralidae,1902,NA,NA,NA,NA,TBA
Acyrthosiphon kondoi,Shinji,Hemiptera,Aphididae,1923,NA,NA,NA,NA,TBA
Acyrthosiphon malvae,Mosley,Hemiptera,Aphididae,1960,NA,NA,NA,NA,TBA
Acyrthosiphon pisum,Harris,Hemiptera,Aphididae,1948,NA,NA,NA,NA,TBA
Acyrthosiphon primulae,Theobald,Hemiptera,Aphididae,1947,NA,NA,NA,NA,TBA
Adelges cooleyi,Gillette,Hemiptera,Adelgidae,1921,N.America,NA,NA,NA,"Nahrung, 2020"
Adelges nordmannianae,Eckstein,Hemiptera,Adelgidae,1901,Asia,(sensu lato),NA,NA,TBA
Aethina tumida,Murray,Coleoptera,Nitidulidae,2002,NA,NA,NA,NA,TBA
Aglossa caprealis,Hubner,Lepidoptera,Pyralidae,1958,NA,NA,NA,NA,TBA
Agrius convolvuli,Linnaeus,Lepidoptera,Sphingidae,1930,NA,NA,NA,NA,TBA
Agrotis ipsilon,Hufnagel,Lepidoptera,Noctuidae,1926,NA,NA,NA,NA,TBA
Ahasverus advena,(Waltl),Coleoptera,Silvanidae,1904,NA,NA,NA,NA,TBA
Aiolopus thalassinus,Fabricius,Orthoptera,Acrididae,1937,NA,NA,NA,NA,TBA
Aleurocanthus spiniferus,(Quaintance),Hemiptera,Aleyrodidae,1983,NA,NA,NA,NA,TBA
Aleuroctarthrus destructor,(Mackie),Hemiptera,Aleyrodidae,1920,NA,NA,NA,NA,TBA
Aleurodicus dispersus,Russell,Hemiptera,Aleyrodidae,1954,S.America,NA,NA,NA,"Nahrung, 2020"
Aleurolobus marlatti,(Quaintance),Hemiptera,Aleyrodidae,2005,NA,NA,NA,NA,TBA
Aleyrodes proletella,Linnaeus,Hemiptera,Aleyrodidae,1998,NA,NA,NA,NA,TBA
Aloephagus myersi,Essig,Hemiptera,Aphididae,1983,NA,NA,NA,NA,TBA
Alphitobius diaperinus,(Panzer),Coleoptera,Tenebrionidae,1903,NA,NA,NA,NA,TBA
Alphitobius laevigatus,(Fabricius),Coleoptera,Tenebrionidae,1899,NA,NA,NA,NA,TBA
Alphitophagus bifasciatus,(Say: 1824),Coleoptera,Tenebrionidae,1969,NA,NA,NA,NA,TBA
Amauronematus viduatus,(Zetterstedt),Hymenoptera,Tenthridinidae,2002,Europe,NA,NA,NA,"Nahrung, 2020"
Ambeodontus tristis,Fabricius,Coleoptera,Cerambycidae,1948,NA,NA,NA,NA,TBA
Amblypelta lutescens,Distant,Hemiptera,Coreidae,1896,NA,NA,NA,NA,TBA
Amblypelta nitida,Stahl,Hemiptera,Coreidae,1993,NA,NA,NA,NA,TBA
Ambrosiodmus asperatus,(Blandford),Coleoptera,Curculionidae,NA,NA,NA,NA,NA,TBA
Ambrosiodmus rubricollis,Eichoff,Coleoptera,Curculionidae,NA,NA,NA,NA,NA,TBA
Ametastegia glabrata,"(FallÃ©n, 1808)",Hymenoptera,Tenthredinidae,1993,NA,NA,NA,NA,TBA
Amrasca devastans,Distant,Hemiptera,Cicadellidae,2000,NA,NA,NA,NA,TBA
Amrasca terraereginae,Paoli,Hemiptera,Cicadellidae,2001,NA,NA,NA,NA,TBA
Anisolabis maritima,(Bonelli),Dermaptera,Anisolabididae,NA,NA,NA,NA,NA,TBA
Anobium punctatum,"(DeGeer, 1774)",Coleoptera,Anobiidae,1913,Europe,NA,NA,NA,"Nahrung, 2020"
Anomis flava,Fabricius,Lepidoptera,Noctuidae,1900,NA,NA,NA,NA,TBA
Anomis involuta,Walker,Lepidoptera,Noctuidae,1949,NA,?native,NA,NA,TBA
Anthicus ephippium,LaFertÃ©-SÃ©nectÃ¨re,Coleoptera,Anthicidae,NA,NA,NA,NA,NA,TBA
Anthicus floralis,Linnaeus,Coleoptera,Anthicidae,1988,NA,NA,NA,NA,TBA
Anthomyia punctipennis,(Wiedemann),Diptera,Anthomyiidae,1930,NA,NA,NA,NA,TBA
Anthrenus flavipes,"Le Conte, 1854",Coleoptera,Dermestidae,1954,NA,NA,NA,NA,TBA
Anthrenus museorum,"(Linnaeus, 1761)",Coleoptera,Dermestidae,1947,NA,NA,NA,NA,TBA
Anthrenus pimpinellae,(Fabricius),Coleoptera,Dermestidae,1942,NA,NA,NA,NA,TBA
Anthrenus scrophulariae,(Linneaus),Coleoptera,Dermestidae,1900,NA,NA,NA,NA,TBA
Anthrenus verbasci,"(Linnaeus, 1767)",Coleoptera,Dermestidae,1915,NA,NA,NA,NA,TBA
Antigastra catalaunalis,(Duponchel),Lepidoptera,Crambidae,1932,NA,NA,NA,NA,TBA
Antonina crawi,Cockerell,Hemiptera,Pseudococcidae,1985,NA,NA,NA,NA,TBA
Antonina graminis,(Maskell),Hemiptera,Pseudococcidae,1912,NA,NA,NA,NA,TBA
Aonidia lauri,(Bouche),Hemiptera,Diaspididae,1950,NA,NA,NA,NA,TBA
Aonidiella aurantii,Maskell,Hemiptera,Diaspididae,1896,Asia,NA,NA,NA,"Nahrung, 2020"
Aonidiella citrina,"(Coquillett, 1890)",Hemiptera,Diaspididae,1933,NA,NA,NA,NA,TBA
Aonidiella comperei,McKenzie,Hemiptera,Diaspididae,1989,NA,NA,NA,NA,TBA
Aonidiella inornata,McKenzie,Hemiptera,Diaspididae,1953,Asia,NA,NA,NA,"Nahrung, 2020"
Aonidiella orientalis,Newstead,Hemiptera,Diaspididae,2011,Asia,NA,NA,NA,"Nahrung, 2020"
Aphis chloris,Koch,Hemiptera,Aphididae,1987,NA,NA,NA,NA,TBA
Aphis craccivora,Koch,Hemiptera,Aphididae,1912,Eurasia,NA,NA,NA,"Nahrung, 2020"
Aphis euphorbiae,Kaltenbach,Hemiptera,Aphididae,NA,NA,NA,NA,NA,TBA
Aphis gossypii,"Glover, 1877",Hemiptera,Aphididae,1912,NA,NA,NA,NA,"Nahrung, 2020"
Aphis hederae,Kaltenbach,Hemiptera,Aphididae,2009,NA,NA,NA,NA,TBA
Aphis nerii,Boyer de Fonscolombe,Hemiptera,Aphididae,1921,NA,NA,NA,NA,TBA
Aphis oenotherae,Oestlund,Hemiptera,Aphididae,2008,NA,NA,NA,NA,TBA
Aphis sedi,Kaltenbach,Hemiptera,Aphididae,1920,NA,NA,NA,NA,TBA
Aphis spiraecola,"Patch, 1914",Hemiptera,Aphididae,1948,NA,NA,NA,NA,TBA
Apinocis variipennis,Lea,Coleoptera,Curculionidae,1981,NA,NA,NA,NA,TBA
Aploneura lentisci,Passerini,Hemiptera,Aphididae,1933,NA,NA,NA,NA,TBA
Apomecyna histrio,Fabricius,Coleoptera,Cerambycidae,1911,NA,NA,NA,NA,TBA
Araecerus fasciculatus,(deGeer),Coleoptera,Anthribidae,1906,NA,NA,NA,NA,TBA
Araecerus lutatus,(Fairmaire),Coleoptera,Anthribidae,1974,NA,NA,NA,NA,TBA
Arhopalus rusticus,(Linneaus),Coleoptera,Cerambycidae,1899,Europe,NA,NA,NA,"Nahrung, 2020"
Arhopalus syriacus,(Reitter),Coleoptera,Cerambycidae,1956,Europe,NA,NA,NA,"Nahrung, 2020"
Aspidiella sacchari,(Cockerell),Hemiptera,Diaspididae,2002,NA,NA,NA,NA,TBA
Aspidiotus destructor,Signoret,Hemiptera,Diaspididae,1927,Asia,NA,NA,NA,"Nahrung, 2020"
Asterolecanium variolosum,(Ratzeburg),Hemiptera,Asterolecaniidae,1915,NA,NA,NA,NA,TBA
Atherigona orientalis,(Schiner),Diptera,Muscidae,1947,NA,NA,NA,NA,TBA
Atrichonotus minimus,Blanchard,Coleoptera,Curculionidae,1948,NA,NA,NA,NA,TBA
Atrichonotus sordidus,(Hustache),Coleoptera,Curculionidae,1900,NA,NA,NA,NA,TBA
Atrichonotus taeniatulus,(Berg),Coleoptera,Curculionidae,1935,S.America,NA,NA,NA,"Nahrung, 2020"
Attagenus brunneus,Faldermann,Coleoptera,Dermestidae,1955,NA,NA,NA,NA,TBA
Attagenus cyphonoides,Rietter,Coleoptera,Dermestidae,1983,NA,NA,NA,NA,TBA
Attagenus fasciatus,(Thunberg),Coleoptera,Dermestidae,1934,NA,NA,NA,NA,TBA
Attagenus pellio,Linnaeus,Coleoptera,Dermestidae,1956,NA,NA,NA,NA,TBA
Attagenus unicolor,"(Brahm, 1791)",Coleoptera,Dermestidae,1933,NA,NA,NA,NA,TBA
Aulacaspis madiunensis,Zehntner,Hemiptera,Diaspididae,1938,NA,NA,NA,NA,TBA
Aulacaspis rosae,BouchÃ©,Hemiptera,Diaspididae,1928,NA,NA,NA,NA,TBA
Aulacaspis rosarum,Borchsenius,Hemiptera,Diaspididae,1928,NA,NA,NA,NA,TBA
Aulacaspis tubercularis,Newstead,Hemiptera,Diaspididae,1894,NA,NA,NA,NA,TBA
Aulacophora abdominalis,"(Fabricius, 1781)",Coleoptera,Chrysomelidae,1916,NA,NA,NA,NA,TBA
Aulacorthum circumflexum,Buckton,Hemiptera,Aphididae,1933,NA,NA,NA,NA,TBA
Aulacorthum solani,"(Kaltenbach, 1843)",Hemiptera,Aphididae,1920,NA,NA,NA,NA,TBA
Aulacosternum nigrorubrum,Dallas,Hemiptera,Coreidae,1929,NA,NA,NA,NA,TBA
Austroasca alfalfae,Evans,Hemiptera,Cicadellidae,1985,NA,NA,NA,NA,TBA
Austroasca terraereginae,Paoli,Hemiptera,Cicadellidae,1961,NA,NA,NA,NA,TBA
Austroasca viridigrisea,"(Paoli, 1936)",Hemiptera,Cicadellidae,1931,NA,NA,NA,NA,TBA
Bactericera cockerelli,(Sulc),Hemiptera,Psyllidae,1942,NA,NA,NA,NA,TBA
Bactrocera frauenfeldi,Schiner,Diptera,Tephritidae,1933,NA,NA,NA,NA,TBA
Balclutha rubrostriata,(Melichar),Hemiptera,Cicadellidae,1937,NA,NA,NA,NA,TBA
Balclutha saltuella,(Kirschbaum),Hemiptera,Cicadellidae,1941,NA,NA,NA,NA,TBA
Bambusaspis bambusae,(Boisduval),Hemiptera,Asterolecaniidae,1996,NA,NA,NA,NA,TBA
Bemisia afer,(Priesner & Hosny),Hemiptera,Aleyrodidae,2001,NA,NA,NA,NA,TBA
Bemisia giffardi,"(Kotinsky, 1907)",Hemiptera,Aleyrodidae,1928,NA,NA,NA,NA,TBA
Bemisia tabaci,"(Gennadius, 1889)",Hemiptera,Aleyrodidae,1954,NA,NA,NA,NA,TBA
Blaps polychresta,"(ForsskÃ¥l, 1775)",Coleoptera,Tenebrionidae,1960,NA,NA,NA,NA,TBA
Bombyx mori,Linnaeus,Lepidoptera,Bombycidae,1957,NA,NA,NA,Y,TBA
Brachycaudus helichrysi,Kaltenbach,Hemiptera,Aphididae,1972,NA,NA,NA,NA,TBA
Brachycaudus persicae,(Passerini),Hemiptera,Aphididae,1903,NA,NA,NA,NA,TBA
Brachycaudus rumexicolens,Patch,Hemiptera,Aphididae,1987,NA,NA,NA,NA,TBA
Bradysia impatiens,(Johansen),Diptera,Sciaridae,1961,NA,NA,NA,NA,TBA
Bradysia ocellaris,(Comstock),Diptera,Sciaridae,1966,NA,NA,NA,NA,TBA
Brevennia rehi,(Borchsenius),Hemiptera,Pseudococcidae,1980,NA,NA,NA,NA,TBA
Brevicoryne brassicae,"(Linnaeus, 1758)",Hemiptera,Aphididae,1927,NA,NA,NA,NA,TBA
Bromocoris olens,Horvath,Hemiptera,Pentatomidae,NA,NA,NA,NA,NA,TBA
Brontispa longissima,Gestro,Coleoptera,Chrysomelidae,1937,NA,NA,NA,NA,TBA
Bruchophagus gibbus,(Boheman),Hymenoptera,Eurytomidae,1958,NA,NA,NA,NA,TBA
Bruchophagus roddi,Gussakovski,Hymenoptera,Eurytomidae,1935,NA,NA,NA,NA,TBA
Bruchus pisorum,(Linnaeus),Coleoptera,Chrysomelidae,1924,NA,NA,NA,NA,TBA
Bruchus rufimanus,"(Boheman, 1833)",Coleoptera,Chrysomelidae,1964,NA,NA,NA,NA,TBA
Bucculatrix gossypii,Turner,Lepidoptera,Bucculatricidae,1967,NA,NA,NA,NA,TBA
Buprestis novemmaculata,"Linnaeus, 1768",Coleoptera,Buprestidae,1970,Europe,NA,NA,NA,"Nahrung, 2020"
Cadra cautella,Walker,Lepidoptera,Pyralidae,1912,NA,NA,NA,NA,TBA
Cadra figulilella,"(Gregson, 1871)",Lepidoptera,Pyralidae,1937,NA,NA,NA,NA,TBA
Calaphis flava,(Mordvilko),Hemiptera,Aphididae,1948,Europe,NA,NA,NA,"Nahrung, 2020"
Caliroa cerasi,"(Linnaeus, 1758)",Hymenoptera,Thenthredinidae,2004,NA,NA,NA,NA,TBA
Callosobruchus analis,(Fabricius),Coleoptera,Chrysomelidae,1925,NA,NA,NA,NA,TBA
Callosobruchus chinensis,"(Linnaeus, 1758)",Coleoptera,Chrysomelidae,1890,NA,NA,NA,NA,TBA
Callosobruchus maculatus,"(Fabricius, 1775)",Coleoptera,Chrysomelidae,1932,NA,NA,NA,NA,TBA
Callosobruchus phaseoli,"(Gyllenhal, 1833)",Coleoptera,Chrysomelidae,1915,NA,NA,NA,NA,TBA
Caloptilia azaleella,Brants,Lepidoptera,Gracillariidae,1965,NA,NA,NA,0,TBA
Capitophorus elaeagni,del Guercio,Hemiptera,Aphididae,1936,NA,NA,NA,NA,TBA
Capitophorus hippophaes,Walker,Hemiptera,Aphididae,1960,NA,NA,NA,NA,TBA
Cardiastethus minutus,Poppius,Hemiptera,Anthocoridae,1977,NA,NA,NA,NA,TBA
Carpophilus dimidiatus,(Fabricius: 1792),Coleoptera,Nitidulidae,1918,NA,NA,NA,NA,TBA
Carpophilus freemani,Dobson,Coleoptera,Nitidulidae,NA,NA,NA,NA,NA,TBA
Carpophilus fumatus,Boheman,Coleoptera,Nitidulidae,1961,NA,NA,NA,NA,TBA
Carpophilus hemipterus,"(Linnaeus, 1758)",Coleoptera,Nitidulidae,1898,NA,NA,NA,NA,TBA
Carpophilus ligneus,Murray,Coleoptera,Nitidulidae,1967,NA,NA,NA,NA,TBA
Carpophilus maculatus,(Murray),Coleoptera,Nitidulidae,2008,NA,NA,NA,NA,TBA
Carpophilus marginellus,Motschulsky,Coleoptera,Nitidulidae,1899,NA,NA,NA,NA,TBA
Carpophilus mutilatus,Erichson,Coleoptera,Nitidulidae,1937,NA,NA,NA,NA,TBA
Carpophilus obsoletus,Erichson,Coleoptera,Nitidulidae,1951,NA,NA,NA,NA,TBA
Carpophilus pilosellus,Motschulsky,Coleoptera,Nitidulidae,1950,NA,NA,NA,NA,TBA
Caryedon gonagra,(Fabricius: 1798),Coleoptera,Chrysomelidae,1947,NA,NA,NA,NA,TBA
Caryedon serratus,Olivier,Coleoptera,Chrysomelidae,1978,NA,NA,NA,NA,TBA
Cavariella aegopodii,Scopoli,Hemiptera,Aphididae,1940,Europe,NA,NA,NA,"Nahrung, 2020"
Cerataphis brasiliensis,(Hempel),Hemiptera,Aphididae,2014,NA,NA,NA,NA,TBA
Cerataphis lataniae,Boisduval,Hemiptera,Aphididae,1954,NA,NA,NA,NA,TBA
Cerataphis orchidearum,Westwood,Hemiptera,Aphididae,2015,NA,NA,NA,NA,TBA
Ceratitis capitata,"(Wiedemann, 1824)",Diptera,Tephritidae,1909,NA,NA,NA,NA,TBA
Cerodontha australis,Malloch,Diptera,Agromyzidae,1965,NA,NA,NA,NA,TBA
Ceroplastes ceriferus,Fabricius,Hemiptera,Coccidae,1910,NA,NA,NA,NA,TBA
Ceroplastes destructor,"(Newstead, 1917)",Hemiptera,Coccidae,1920,NA,NA,NA,NA,TBA
Ceroplastes floridensis,(Comstock),Hemiptera,Coccidae,1911,NA,NA,NA,NA,"Nahrung, 2020"
Ceroplastes rubens,Maskell,Hemiptera,Coccidae,1896,Africa,NA,NA,NA,"Nahrung, 2020"
Ceroplastes rusci,Linnaeus,Hemiptera,Coccidae,1965,NA,NA,NA,NA,TBA
Ceroplastes sinensis,Del Guercio,Hemiptera,Coccidae,1967,Asia,NA,NA,NA,"Nahrung, 2020"
Chaetocnema concinna,(Marsham),Coleoptera,Chrysomelidae,1940,NA,NA,NA,NA,TBA
Chaetococcus bambusae,(Marshall),Hemiptera,Pseudococcidae,1915,NA,NA,NA,NA,TBA
Chaetosiphon fragaefolii,Cockerell,Hemiptera,Aphididae,1934,NA,NA,NA,NA,TBA
Chaetosiphon tetrarhodum,Walker,Hemiptera,Aphididae,1920,NA,NA,NA,NA,TBA
Chaetosiphon thomasi,Hille Ris Lambers,Hemiptera,Aphididae,2011,NA,NA,NA,NA,TBA
Chaitophorus leucomelas,Koch,Hemiptera,Aphididae,1901,Eurasia,NA,NA,NA,"Nahrung, 2020"
Chelisoches morio,(Fabricius),Dermaptera,Chelisochidae,NA,NA,NA,NA,NA,TBA
Chilo suppressalis,Walker,Lepidoptera,Pyralidae,1916,NA,NA,NA,NA,TBA
Chlorophorus annularis,(Fabricius),Coleoptera,Cerambycidae,1924,NA,NA,NA,NA,TBA
Chlumetia euthysticha,(Turner),Lepidoptera,Noctuidae,1989,NA,?native,NA,NA,TBA
Chorizococcus rostellum,Lobdell,Hemiptera,Pseudococcidae,1930,NA,NA,NA,NA,TBA
Chromatomyia syngenesiae,Hardy,Diptera,Agromyzidae,1950,NA,synonym of Phytomyza syngenesiae (1970),NA,NA,TBA
Chryseococcus arecae,(Maskell),Hemiptera,Pseudococcidae,1954,NA,NA,NA,NA,TBA
Chrysomphalus aonidum,"(Linnaeus, 1758)",Hemiptera,Diaspididae,1912,NA,NA,NA,NA,TBA
Chrysomphalus bifasciculatus,Ferris,Hemiptera,Diaspididae,1990,NA,NA,NA,NA,TBA
Chrysomphalus dictyospermi,Morgan,Hemiptera,Diaspididae,1912,Asia,NA,NA,NA,"Nahrung, 2020"
Chrysomphalus pinnulifer,Maskell,Hemiptera,Diaspididae,1955,Asia,NA,NA,NA,"Nahrung, 2020"
Cicadulina bimaculata,"(Evans, 1940)",Hemiptera,Cicadellidae,1958,NA,NA,NA,NA,TBA
Cinara cupressi,(Buckton),Hemiptera,Aphididae,1964,N.America,NA,NA,NA,"Nahrung, 2020"
Cinara fresai,Blanchard,Hemiptera,Aphididae,1975,N.America,NA,NA,NA,"Nahrung, 2020"
Cinara juniperi,(de Geer),Hemiptera,Aphididae,1920,Europe,NA,NA,NA,"Nahrung, 2020"
Cinara pilicornis,(Hartig),Hemiptera,Aphididae,1899,Europe,NA,NA,NA,"Nahrung, 2020"
Cinara tujafilina,(Del Guercio),Hemiptera,Aphididae,1913,Europe,NA,NA,NA,"Nahrung, 2020"
Citripestis eutraphera,(Meyrick),Lepidoptera,Pyralidae,1973,NA,NA,NA,NA,TBA
Clavaspis herculeana,(Cockerell & Hadden),Hemiptera,Diaspididae,1938,S.America,NA,NA,NA,"Nahrung, 2020"
Closterotomus norvegicus,(Gmelin),Hemiptera,Miridae,1899,NA,NA,NA,NA,TBA
Cnaphalocrocis poeyalis,(Boisduval),Lepidoptera,Pyralidae,1897,NA,NA,NA,NA,TBA
Coccotrypes advena,(Blandford),Coleoptera,Curculionidae,NA,NA,NA,NA,NA,TBA
Coccotrypes cardamomi,Schaufuss,Coleoptera,Curculionidae,2008,NA,NA,NA,NA,TBA
Coccotrypes carpophagus,(Hornung),Coleoptera,Scolytidae,2000,NA,NA,NA,NA,TBA
Coccotrypes cyperi,(Beeson),Coleoptera,Curculionidae,2015,NA,NA,NA,NA,TBA
Coccotrypes dactyliperda,(Fabricius),Coleoptera,Scolytidae,2000,NA,NA,NA,NA,TBA
Coccotrypes myristicae,(Roepke),Coleoptera,Curculionidae,NA,NA,NA,NA,NA,TBA
Coccotrypes nubilus,(Blandford),Coleoptera,Curculionidae,NA,NA,NA,NA,NA,TBA
Coccus hesperidum,(Newstead),Hemiptera,Coccidae,1923,Europe,NA,NA,NA,"Nahrung, 2020"
Coccus longulus,(Douglas),Hemiptera,Coccidae,1899,Pacific,NA,NA,NA,"Nahrung, 2020"
Coccus pseudomagnoliarum,Kuwana,Hemiptera,Coccidae,1895,NA,NA,NA,NA,TBA
Coccus viridis,Green,Hemiptera,Coccidae,1948,S.America or Africa,NA,NA,NA,"Nahrung, 2020"
Cofana spectra,Distant,Hemiptera,Cicadellidae,1918,NA,NA,NA,NA,TBA
Colaspoides foveiventris,Lea,Coleoptera,Chrysomelidae,1898,NA,NA,NA,NA,TBA
Colobicus parilis,Pascoe,Coleoptera,Zopheridae,1983,NA,NA,NA,NA,TBA
Coloradoa rufomaculata,Wilson,Hemiptera,Aphididae,1932,NA,NA,NA,NA,TBA
Conchaspis angraeci,Cockerell,Hemiptera,Conchaspidae,2002,N.America,NA,NA,NA,"Nahrung, 2020"
Conogethes punctiferalis,GuenÃ©e,Lepidoptera,Crambidae,1903,NA,NA,NA,NA,TBA
Contarinia geniculati,Reuter,Diptera,Cecidomyiidae,1942,NA,NA,NA,NA,TBA
Contarinia sorghicola,Coquillett,Diptera,Cecidomyiidae,1947,NA,NA,NA,NA,TBA
Corcyra cephalonica,Stainton,Lepidoptera,Pyralidae,1912,NA,NA,NA,NA,TBA
Corticaria japonica,Reitter,Coleoptera,Latridiidae,1922,NA,NA,NA,NA,TBA
Corythucha ciliata,Say,Hemiptera,Tingidae,1902,N.America,NA,NA,NA,"Nahrung, 2020"
Cosmobaris discolor,(Boheman),Coleoptera,Curculionidae,1927,NA,NA,NA,NA,TBA
Cosmopolites sordidus,Germar,Coleoptera,Curculionidae,1994,NA,NA,NA,NA,TBA
Crocidolomia pavonana,Fabricius,Lepidoptera,Pyralidae,1934,NA,NA,NA,NA,TBA
Crocidosema plebejana,Zeller,Lepidoptera,Tortricidae,1974,NA,NA,NA,NA,TBA
Cryptamorpha desjardinisi,(Guerin-Meneville),Coleoptera,Silvanidae,NA,NA,NA,NA,NA,TBA
Cryptoblabes adoceta,Turner,Lepidoptera,Pyralidae,1955,NA,NA,NA,NA,TBA
Cryptolestes diemenensis,(Blackburn),Coleoptera,Laemophloeidae,NA,NA,NA,NA,NA,TBA
Cryptolestes ferrugineus,(Stephens),Coleoptera,Laemophloeidae,1954,NA,NA,NA,NA,TBA
Cryptolestes pusilloides,(Steel & Howe),Coleoptera,Laemophloeidae,1911,NA,NA,NA,NA,TBA
Cryptolestes pusillus,(SchÃ¶nherr),Coleoptera,Laemophloeidae,1927,NA,NA,NA,NA,TBA
Cryptophilus integer,(Heer),Coleoptera,Erotylidae,NA,NA,NA,NA,NA,TBA
Cryptotermes brevis,Walker,Isoptera,Kalotermitidae,1981,NA,NA,NA,NA,TBA
Cryptotermes cynocephalus,Light,Isoptera,Kalotermitidae,1975,NA,NA,NA,NA,TBA
Cryptotermes dudleyi,Banks,Isoptera,Kalotermitidae,1973,NA,NA,NA,NA,TBA
Culicoides brevitarsis,Kieffer,Diptera,Ceratopogonidae,1996,NA,NA,NA,NA,TBA
Cyclocephala signaticollis,Burmeister,Coleoptera,Scarabaeidae,1939,NA,NA,NA,NA,TBA
Cydia pomonella,"(Linnaeus, 1758)",Lepidoptera,Tortricidae,1918,NA,NA,NA,NA,TBA
Cylas formicarius,Fabricius,Coleoptera,Brentidae,1911,NA,NA,NA,NA,TBA
Cyrtogenius brevior,Eggers,Coleoptera,Curculionidae,1990,NA,NA,NA,NA,TBA
Cyrtogenius fijianus,(Schedl),Coleoptera,Curculionidae,1999,NA,NA,NA,NA,TBA
Dacne picta,Crotch,Coleoptera,Erotylidae,1977,NA,NA,NA,NA,TBA
Daktulosphaira vitifoliae,(Fitch),Hemiptera,Phylloxeridae,1923,NA,synonym of Viteus vitifoliae (1962),NA,NA,TBA
Danaus plexippus,Linnaeus,Lepidoptera,Nymphalidae,1951,NA,?native,NA,NA,TBA
Dasynus fuscescens,Distant,Hemiptera,Coreidae,1926,NA,NA,NA,NA,TBA
Deanolis sublimbalis,Snellen,Lepidoptera,Crambidae,2001,NA,NA,NA,NA,TBA
Delia platura,"(Meigen, 1826)",Diptera,Anthomyiidae,1938,NA,NA,NA,NA,TBA
Deraeocoris signatus,Distant,Hemiptera,Miridae,1974,NA,NA,NA,NA,TBA
Dermestes ater,De Geer,Coleoptera,Dermestidae,1924,NA,NA,NA,NA,TBA
Dermestes carnivorus,Fabricius,Coleoptera,Dermestidae,1976,NA,NA,NA,NA,TBA
Dermestes frischii,Kugelann: 1892,Coleoptera,Dermestidae,1943,NA,NA,NA,NA,TBA
Dermestes haemorrhoidalis,KÃƒÂ¼ster,Coleoptera,Dermestidae,1975,NA,NA,NA,NA,TBA
Dermestes lardarius,Linnaeus: 1758,Coleoptera,Dermestidae,1951,NA,NA,NA,NA,TBA
Dermestes maculatus,De Geer,Coleoptera,Dermestidae,1901,NA,NA,NA,NA,TBA
Dermestes peruvianus,Laporte,Coleoptera,Dermestidae,1955,NA,NA,NA,NA,TBA
Diacrotricha fasciola,(Zeller),Lepidoptera,Pterophoridae,2012,NA,NA,NA,NA,TBA
Diamerus curvifer,(Walker),Coleoptera,Curculionidae,2011,NA,NA,NA,NA,TBA
Diaphania indica,(Saunders),Lepidoptera,Pyralidae,1903,NA,NA,NA,NA,TBA
Diapus pusillimus,Chapuis,Coleoptera,Curculionidae,1927,NA,NA,NA,NA,TBA
Diaspidiotus ancylus,Putnam,Hemiptera,Diaspididae,1939,N.America,NA,NA,NA,"Nahrung, 2020"
Diaspidiotus ostreaeformis,"(Curtis, 1843)",Hemiptera,Diaspididae,1948,Europe,NA,NA,NA,"Nahrung, 2020"
Diaspidiotus perniciosus,(Comstock),Hemiptera,Diaspididae,1900,Asia,NA,NA,NA,"Nahrung, 2020"
Diaspidiotus pyri,Lichtenstein,Hemiptera,Diaspididae,1935,NA,NA,NA,NA,TBA
Diaspis boisduvali,(Signoret),Hemiptera,Diaspididae,1934,NA,NA,NA,NA,TBA
Diaspis bromeliae,Kerner,Hemiptera,Diaspididae,1954,NA,NA,NA,NA,TBA
Diaspis echinocacti,(Bouche),Hemiptera,Diaspididae,1900,NA,NA,NA,NA,TBA
Dinoderus minutus,Fabricius,Coleoptera,Bostrichidae,1923,Asia,NA,NA,NA,"Nahrung, 2020"
Dinoderus ocellaris,Stephens,Coleoptera,Bostrichidae,1956,NA,NA,NA,NA,TBA
Dinoplatypus forficula,(Chapuis),Coleoptera,Curculionidae,2013,NA,NA,NA,NA,TBA
Diocalandra frumenti,(Fabricius),Coleoptera,Curculionidae,1913,NA,NA,NA,NA,TBA
Diuncus haberkorni,(Eggers),Coleoptera,Curculionidae,NA,NA,NA,NA,NA,TBA
Diuncus justus,(Schedl),Coleoptera,Curculionidae,1953,NA,NA,NA,NA,TBA
Diuraphis noxia,Kurdjumov,Hemiptera,Aphididae,2016,NA,NA,NA,NA,TBA
Drepanosiphum platanoidis,(Schrank),Hemiptera,Aphididae,1948,Europe,NA,NA,NA,"Nahrung, 2020"
Dryocoetiops coffeae,(Eggers),Coleoptera,Curculionidae,NA,NA,NA,NA,NA,TBA
Dysaphis apiifolia,"(Theobald, 1923)",Hemiptera,Aphididae,1943,NA,NA,NA,NA,TBA
Dysaphis aucupariae,(Buckton),Hemiptera,Aphididae,1981,Europe,NA,NA,NA,"Nahrung, 2020"
Dysaphis foeniculus,Theobald,Hemiptera,Aphididae,1927,NA,NA,NA,NA,TBA
Dysaphis radicola,(Mordvilko),Hemiptera,Aphididae,2005,NA,NA,NA,NA,TBA
Dysaphis tulipae,Boyer de Fonscolombe,Hemiptera,Aphididae,1920,NA,NA,NA,NA,TBA
Dysmicoccus boninsis,Kuwana,Hemiptera,Pseudococcidae,1931,NA,NA,NA,NA,TBA
Dysmicoccus brevipes,Cockerell,Hemiptera,Pseudococcidae,1912,NA,NA,NA,NA,TBA
Earias vittella,Fabricius,Lepidoptera,Noctuidae,1955,NA,NA,NA,NA,TBA
Ectomyelois ceratoniae,"(Zeller, 1839)",Lepidoptera,Pyralidae,1940,NA,NA,NA,NA,TBA
Edwardsiana crataegi,"Douglas, 1876",Hemiptera,Cicadellidae,1958,NA,NA,NA,NA,TBA
Elatobium abietinum,(Walker),Hemiptera,Aphididae,1952,Europe,NA,NA,NA,"Nahrung, 2020"
Empicoris rubromaculatus,Blackburn,Hemiptera,Psyllidae,1932,NA,NA,NA,NA,TBA
Endrosis sarcitrella,"(Linnaeus, 1758)",Lepidoptera,Oecophoridae,1969,NA,NA,NA,0,TBA
Engytatus nicotianae,Koningsberger,Hemiptera,Miridae,1925,NA,NA,NA,NA,TBA
Ephestia elutella,"(HÃ¼bner, 1796)",Lepidoptera,Pyralidae,1904,NA,NA,NA,NA,TBA
Ephestia kuehniella,Zeller,Lepidoptera,Pyralidae,1912,NA,NA,NA,NA,TBA
Epuraea ocularis,Murray,Coleoptera,Nitidulidae,1935,NA,NA,NA,NA,TBA
Eriosoma lanigera,"(Hausmann, 1802)",Hemiptera,Aphididae,1920,NA,NA,NA,NA,TBA
Eriosoma lanuginosum,(Hausman),Hemiptera,Aphididae,1948,Europe,NA,NA,NA,"Nahrung, 2020"
Eriosoma pyricola,Baker & Davidson,Hemiptera,Aphididae,1934,Europe,NA,NA,NA,"Nahrung, 2020"
Ernobius mollis,(Linneaus),Coleoptera,Anobiidae,1928,Europe,NA,NA,NA,"Nahrung, 2020"
Essigella californica,(Essig),Hemiptera,Aphididae,1998,N.America,NA,NA,NA,"Nahrung, 2020"
Etiella zinckenella,Treitschke,Lepidoptera,Pyralidae,1915,NA,NA,NA,NA,TBA
Euborellia annulipes,Lucas,Dermaptera,Anisolabididae,2004,NA,NA,NA,NA,TBA
Eucalymnatus tessellatus,(Signoret),Hemiptera,Coccidae,1896,S.America,NA,NA,NA,"Nahrung, 2020"
Eucarazzia elegans,(Ferrari),Hemiptera,Aphididae,1994,NA,NA,NA,NA,TBA
Euceraphis betulae,(Koch),Hemiptera,Aphididae,1960,Europe,NA,NA,NA,"Nahrung, 2020"
Euceraphis punctipennis,Zetterstedt,Hemiptera,Aphididae,1954,Europe,NA,NA,NA,"Nahrung, 2020"
Eudocima fullonia,Clerck,Lepidoptera,Noctuidae,1905,NA,?native,NA,NA,TBA
Eudocima jordani,(Holland),Lepidoptera,Noctuidae,NA,NA,?native,NA,NA,TBA
Eudocima salaminia,(Cramer),Lepidoptera,Noctuidae,1892,NA,?native,NA,NA,TBA
Eulachnus thunbergii,Wilson,Hemiptera,Aphididae,1959,Asia,NA,NA,NA,"Nahrung, 2020"
Parthenolecanium pruinosum,(Coquillett),Hemiptera,Coccidae,1932,NA,1932,NA,NA,TBA
Eulecanium tiliae,Linnaeus,Hemiptera,Coccidae,1961,NA,NA,NA,NA,TBA
Euplatypus parallelus,(Fabricius),Coleoptera,Curculionidae,1893,S.America,NA,NA,NA,"Nahrung, 2020"
Eurymetopus birabeni,Kuschel,Coleoptera,Curculionidae,1962,NA,NA,NA,NA,TBA
Euwallacea similis,(Ferrari),Coleoptera,Curculionidae,1933,NA,NA,NA,NA,TBA
Ferrisia malvastra,(McDaniel),Hemiptera,Pseudococcidae,1932,NA,NA,NA,NA,TBA
Ferrisia virgata,Cockerell,Hemiptera,Pseudococcidae,1933,NA,NA,NA,NA,TBA
Fieberiella florii,(Stal),Hemiptera,Cicadellidae,1992,NA,NA,NA,NA,TBA
Fiorinia fioriniae,(Targioni Tozzetti),Hemiptera,Diaspididae,1896,NA,NA,NA,NA,TBA
Fiorinia japonica,Kuwana,Hemiptera,Diaspididae,1915,Asia,NA,NA,NA,"Nahrung, 2020"
Forficula auricularia,Linnaeus,Dermaptera,Forficulidae,1958,NA,NA,NA,NA,TBA
Furcaspis biformis,(Cockerell),Hemiptera,Diaspididae,1984,NA,NA,NA,NA,TBA
Galleria mellonella,Linnaeus,Lepidoptera,Pyralidae,1923,NA,NA,NA,NA,TBA
Genaparlatoria pseudaspidiotus,(Lindinger),Hemiptera,Diaspididae,1954,NA,NA,NA,NA,TBA
Geoica lucifuga,Zehntner,Hemiptera,Aphididae,1924,NA,NA,NA,NA,TBA
Gibbium aequinoctiale,"Boieldieu, 1854",Coleoptera,Anobiidae,1902,NA,NA,NA,NA,TBA
Gibbium psylloides,"(Czempinski, 1778)",Coleoptera,Anobiidae,1953,NA,NA,NA,NA,TBA
Gnathocerus maxillosis,(Fabricius),Coleoptera,Tenebrionidae,NA,NA,NA,NA,NA,TBA
Gnatocerus cornutus,(Fabricius),Coleoptera,Tenebrionidae,1905,NA,NA,NA,NA,TBA
Gracilia minuta,Fabricius,Coleoptera,Cerambycidae,1963,NA,NA,NA,NA,TBA
Grammodes stolida,Fabricius,Lepidoptera,Noctuidae,NA,NA,?native,NA,NA,TBA
Grapholita molesta,"(Busck, 1916)",Lepidoptera,Tortricidae,1936,NA,NA,NA,NA,TBA
Graptostethus servus,(Fabricius),Hemiptera,Lygaeidae,1899,NA,NA,NA,NA,TBA
Greenidea ficicola,Takahaski,Hemiptera,Aphididae,1921,NA,NA,NA,NA,TBA
Gryllodes sigillatus,Walker,Orthoptera,Gryllidae,1969,NA,NA,NA,NA,TBA
Gryllotalpa africana,(Palisot de Beauvois),Orthoptera,Gryllotalpidae,1953,NA,NA,NA,NA,TBA
Gymnaspis aechmeae,Newstead,Hemiptera,Diaspididae,1981,NA,NA,NA,NA,TBA
Halticus chrysolepis,Kirkaldy,Hemiptera,Miridae,1964,NA,NA,NA,NA,TBA
Helicoverpa armigera,HÃ¼bner,Lepidoptera,Noctuidae,1885,NA,NA,NA,NA,"Nahrung, 2020"
Helicoverpa assulta,GuenÃ©e,Lepidoptera,Noctuidae,1890,NA,?native,NA,NA,TBA
Heliococcus summervillei,Brookes,Hemiptera,Pseudococcidae,1899,NA,NA,NA,NA,TBA
Hellula undalis,Fabricius,Lepidoptera,Pyralidae,1936,NA,NA,NA,NA,TBA
Helopeltis pernicalis,Stonedahl et al.,Hemiptera,Miridae,1972,NA,NA,NA,NA,TBA
Hemiberlesia lataniae,(Signoret),Hemiptera,Diaspididae,1897,NA,NA,NA,NA,"Nahrung, 2020"
Hemiberlesia palmae,Cockerell,Hemiptera,Diaspididae,1985,NA,NA,NA,NA,"Nahrung, 2020"
Hemiberlesia rapax,(Comstock),Hemiptera,Diaspididae,1890,Europe,NA,NA,NA,"Nahrung, 2020"
Henosepilachna vigintioctopunctata,(Fabricius),Coleoptera,Coccinellidae,1894,NA,NA,NA,NA,TBA
Heterobostrychus aequalis,Waterhouse,Coleoptera,Bostrichidae,2016,Asia,NA,NA,NA,"Nahrung, 2020"
Heteronychus arator,(Fabricius),Coleoptera,Dynastidae,1925,Africa,NA,NA,NA,"Nahrung, 2020"
Heteropeza pygmaea,Winnertz,Diptera,Cecidomyiidae,1936,NA,NA,NA,NA,TBA
Heteropsylla cubana,Crawford,Hemiptera,Psyllidae,1986,NA,NA,NA,NA,TBA
Hofmannophila pseudospretella,(Stainton),Lepidoptera,Oecophoridae,1942,NA,NA,NA,Y,TBA
Hormocerus reticulatus,(Fabricius),Coleoptera,Curculionidae,1968,NA,NA,NA,NA,TBA
Howardia biclavis,Comstock,Hemiptera,Diaspididae,1937,NA,NA,NA,NA,TBA
Hyadaphis foeniculi,"(Passerini, 1860)",Hemiptera,Aphididae,1931,NA,NA,NA,NA,TBA
Hyadaphis passerinii,(Del Guercio),Hemiptera,Aphididae,NA,NA,NA,NA,NA,TBA
Hyalopterus pruni,Geoffroy,Hemiptera,Aphididae,1961,NA,NA,NA,NA,TBA
Hylastes ater,(Paykull),Coleoptera,Curculionidae,1936,Eurasia,NA,NA,NA,"Nahrung, 2020"
Hylotrupes bajulus,"(Linnaeus, 1758)",Coleoptera,Cerambycidae,2004,Europe,NA,NA,NA,"Nahrung, 2020"
Hylurgus ligniperda,Fabricius,Coleoptera,Curculionidae,1942,Europe,NA,NA,NA,"Nahrung, 2020"
Hypena laceratalis,Walker,Lepidoptera,Noctuidae,1958,NA,NA,NA,Y,TBA
Hyperomyzus carduellinus,(Theobald),Hemiptera,Aphididae,1941,NA,NA,NA,NA,TBA
Hyperomyzus lactucae,Linnaeus,Hemiptera,Aphididae,1936,NA,NA,NA,NA,TBA
Hypocala deflorata,(Fabricius),Lepidoptera,Noctuidae,1903,NA,?native,NA,NA,TBA
Hypocryphalus mangiferae,(Stebbing),Coleoptera,Curculionidae,1967,NA,NA,NA,NA,TBA
Hypothenemus areccae,(Hornung: 1842),Coleoptera,Curculionidae,NA,NA,NA,NA,NA,TBA
Hypothenemus birmanus,(Eichoff),Coleoptera,Curculionidae,1932,Asia,NA,NA,NA,"Nahrung, 2020"
Hypothenemus californicus,Hopkins,Coleoptera,Curculionidae,1987,NA,NA,NA,NA,TBA
Hypothenemus crudiae,(Panzer),Coleoptera,Curculionidae,1985,NA,NA,NA,NA,TBA
Hypothenemus eruditus,(Westwood),Coleoptera,Curculionidae,1910,S.America,NA,NA,NA,"Nahrung, 2020"
Hypothenemus ingens,Wood & Bright,Coleoptera,Curculionidae,NA,NA,NA,NA,NA,TBA
Hypothenemus seriatus,(Eichhoff: 1872),Coleoptera,Curculionidae,1946,Asia,NA,NA,NA,"Nahrung, 2020"
Hypurus bertrandi,Perris,Coleoptera,Curculionidae,1983,NA,NA,NA,NA,TBA
Hysteroneura setariae,Thomas,Hemiptera,Aphididae,1974,NA,NA,NA,NA,TBA
Idiopterus nephrelepidis,Davis,Hemiptera,Aphididae,1939,NA,NA,NA,NA,TBA
Idioscopus clypealis,Lethierry,Hemiptera,Cicadellidae,1999,NA,NA,NA,NA,TBA
Idioscopus nitidulus,Walker,Hemiptera,Cicadellidae,1979,NA,NA,NA,NA,TBA
Ips grandicollis,(Eichoff),Coleoptera,Curculionidae,1943,N.America,NA,NA,NA,"Nahrung, 2020"
Ischnaspis longirostris,(Signoret),Hemiptera,Diaspididae,1897,NA,NA,NA,NA,TBA
Ischyja manlia,Cramer,Lepidoptera,Noctuidae,1928,NA,NA,NA,NA,TBA
Ithome lassula,Hodges,Lepidoptera,Cosmopterigidae,1980,NA,NA,NA,NA,TBA
Japananus hyalinus,(Osborn),Hemiptera,Aphididae,1987,Asia,NA,NA,NA,"Nahrung, 2020"
Kuwanaspis howardi,(Cooley),Hemiptera,Diaspididae,1989,NA,NA,NA,NA,TBA
Kuwanaspis vermiformis,(Takahashi),Hemiptera,Diaspididae,2003,NA,NA,NA,NA,TBA
Kybos lindbergi,(Linnavuori),Hemiptera,Cicadellidae,1998,Europe,NA,NA,NA,"Nahrung, 2020"
Labidura riparia,Pallas,Dermaptera,Labiduridae,1899,NA,NA,NA,NA,TBA
Lachesilla pedicularia,Linnaeus,Psocoptera,Lachesillidae,NA,NA,NA,NA,NA,TBA
Lachesilla quercus,(Kolbe),Psocoptera,Lachesillidae,2003,NA,NA,NA,NA,TBA
Lasioderma serricorne,"(Fabricius, 1792)",Coleoptera,Anobiidae,1892,NA,NA,NA,NA,TBA
Latheticus oryzae,"Waterhouse, 1880",Coleoptera,Tenebrionidae,1918,NA,NA,NA,NA,TBA
Lema bilineata,Germer,Coleoptera,Chrysomelidae,2008,NA,NA,NA,NA,TBA
Lema daturaphila,"Kogan & Goeden, 1970",Coleoptera,Chrysomelidae,1985,NA,NA,NA,NA,TBA
Lepidosaphes beckii,"(Newman, 1869)",Hemiptera,Diaspididae,1895,NA,NA,NA,NA,TBA
Lepidosaphes camelliae,Hoke,Hemiptera,Diaspididae,1938,NA,NA,NA,NA,TBA
Lepidosaphes gloverii,(Packard),Hemiptera,Diaspididae,1908,NA,NA,NA,NA,TBA
Lepidosaphes tokionis,Kuwana,Hemiptera,Diaspididae,1939,NA,NA,NA,NA,TBA
Lepidosaphes ulmi,(Linnaeu),Hemiptera,Diaspididae,1902,NA,NA,NA,NA,TBA
Lepinotus inquilinus,Heyden,Psocoptera,Trogiidae,1952,NA,NA,NA,NA,TBA
Lepinotus patruelis,Pearman,Psocoptera,Trogiidae,NA,NA,NA,NA,NA,TBA
Lepinotus reticulatus,(Enderlein),Psocoptera,Trogiidae,2016,NA,NA,NA,NA,TBA
Leptideela brevipennis,Mulsant,Coleoptera,Cerambycidae,1951,NA,NA,NA,NA,TBA
Leptocneria reducta,Walker,Lepidoptera,Lymantriidae,1899,NA,NA,NA,NA,TBA
Leptocorisa acuta,Thunberg,Hemiptera,Alydidae,1893,NA,NA,NA,NA,TBA
Leptoglossus gonagra,Fabricius,Hemiptera,Coreidae,1901,NA,NA,NA,NA,TBA
Leptynoptera sulfurea,Crawford,Hemiptera,Psyllidae,1978,NA,NA,NA,NA,TBA
Linogeraeus urbanus,(Bohemnan),Coleoptera,Curculionidae,1927,NA,NA,NA,NA,TBA
Liorhyssus hyalinus,(Fabricius),Hemiptera,Rhopalidae,1967,NA,NA,NA,NA,TBA
Liosomaphis berberidis,Kaltenbach,Hemiptera,Aphididae,1968,NA,NA,NA,NA,TBA
Lipaphis erysimi,(Kaltenbach 1843),Hemiptera,Aphididae,1931,NA,NA,NA,NA,TBA
Lipaphis pseudobrassicae,"(Davis, 1914)",Hemiptera,Aphididae,1931,NA,NA,NA,NA,TBA
Liposcelis bostrychophila,Badonnel,Psocoptera,Liposcelidae,NA,NA,NA,NA,NA,TBA
Liposcelis brunnea,Motchulsky,Psocoptera,Liposcelidae,2003,NA,NA,NA,NA,TBA
Liposcelis corrodens,(Heymans),Psocoptera,Liposcelidae,NA,NA,NA,NA,NA,TBA
Liposcelis decolor,"(Pearman, 1925)",Psocoptera,Liposcelidae,NA,NA,NA,NA,NA,TBA
Liposcelis entomophila,"(Enderlein, 1907)",Psocoptera,Liposcelidae,NA,NA,NA,NA,NA,TBA
Liposcelis mendax,Pearman & JV,Psocoptera,Liposcelidae,NA,NA,NA,NA,NA,TBA
Liposcelis paeta,Pearman,Psocoptera,Liposcelidae,NA,NA,NA,NA,NA,TBA
Liposcelis rufa,Broadhead,Psocoptera,Liposcelidae,NA,NA,NA,NA,NA,TBA
Liriomyza brassicae,"(Riley, 1885)",Diptera,Agromyzidae,1935,NA,NA,NA,NA,TBA
Liriomyza chenopodii,Watt,Diptera,Agromyzidae,1968,NA,NA,NA,NA,TBA
Liriomyza sativae,Blanchard,Diptera,Agromyzidae,2008,NA,NA,NA,NA,TBA
Listroderes costirostris,SchÃ¶nherr,Coleoptera,Curculionidae,1916,NA,NA,NA,NA,TBA
Listroderes delaiguei,Germain,Coleoptera,Curculionidae,1899,NA,NA,NA,NA,TBA
Listroderes difficilis,"Germain, 1895",Coleoptera,Curculionidae,1908,NA,NA,NA,NA,TBA
Listroderes foveatus,Shoenherr,Coleoptera,Curculionidae,1925,NA,NA,NA,NA,TBA
Listronotus bonariensis,"(Kuschel, 1955)",Coleoptera,Curculionidae,1962,NA,NA,NA,NA,TBA
Litargus balteatus,(Tamaki),Coleoptera,Mycetophagidae,1892,NA,NA,NA,NA,TBA
Lycoriella auripila,Fitch,Diptera,Sciaridae,1964,NA,NA,NA,NA,TBA
Lycoriella ingenua,(Dufour),Diptera,Sciaridae,1978,NA,synonym of Lycoriella mali,NA,NA,TBA
Lycoriella multiseta,Felt,Diptera,Sciaridae,1977,NA,NA,NA,NA,TBA
Lyctocoris campestris,Fabricius,Hemiptera,Anthocoridae,1983,NA,NA,NA,NA,TBA
Lyctus brunneus,Stephens,Coleoptera,Bostrichidae,1899,S.America,NA,NA,NA,"Nahrung, 2020"
Lyctus discedens,Blackburn,Coleoptera,Bostrichidae,1922,Asia,NA,NA,NA,"Nahrung, 2020"
Lyramorpha rosea,Westwood,Hemiptera,Tessaratomidae,1922,NA,NA,NA,NA,TBA
Macrosiphoniella sanborni,(Gillette),Hemiptera,Aphididae,1920,NA,NA,NA,NA,TBA
Macrosiphum euphorbiae,"(Thomas, 1878)",Hemiptera,Aphididae,1920,N.America,NA,NA,NA,"Nahrung, 2020"
Macrosiphum hellebori,Theobald & Walton,Hemiptera,Aphididae,2015,NA,NA,NA,NA,TBA
Macrosiphum rosae,Linnaeus,Hemiptera,Aphididae,1902,NA,NA,NA,NA,TBA
Mampava rhodoneura,Turner,Lepidoptera,Pyralidae,1972,NA,NA,NA,NA,TBA
Marchalina hellenica,(Gennadius),Hemiptera,Margarodidae,2014,Europe,NA,NA,NA,"Nahrung, 2020"
Maruca vitrata,Fabricius,Lepidoptera,Pyralidae,1898,NA,NA,NA,NA,TBA
Megaselia halterata,Wood,Diptera,Phoridae,NA,NA,NA,NA,NA,TBA
Megoura crassicauda,Mordviko,Hemiptera,Aphididae,2016,NA,NA,NA,NA,TBA
Melanagromyza sojae,Zehntner,Diptera,Agromyzidae,1960,NA,NA,NA,NA,TBA
Melanaphis bambusae,(Fullaway),Hemiptera,Aphididae,1921,NA,NA,NA,NA,TBA
Melanaphis sacchari,(Zehntner),Hemiptera,Aphididae,1928,NA,NA,NA,NA,TBA
Metopolophium dirhodum,"(Walker, 1849)",Hemiptera,Aphididae,2008,NA,NA,NA,NA,TBA
Mezium affine,"Boieldieu, 1856",Coleoptera,Anobiidae,1903,NA,NA,NA,NA,TBA
Mezium americanum,"(Laporte, 1840)",Coleoptera,Anobiidae,1900,NA,NA,NA,NA,TBA
Milviscutulus mangiferae,Green,Hemiptera,Coccidae,1988,Asia,NA,NA,NA,"Nahrung, 2020"
Minthea reticulata,Lesne,Coleoptera,Bostrichidae,1954,NA,NA,NA,NA,TBA
Minthea rugicollis,Walker,Coleoptera,Bostrichidae,1924,Asia,NA,NA,NA,"Nahrung, 2020"
Morganella longispina,(Morgan),Hemiptera,Diaspididae,1933,Asia,NA,NA,NA,"Nahrung, 2020"
Moritziella corticalis,(Kaltenbach),Hemiptera,Phylloxeridae,1967,Europe,NA,NA,NA,"Nahrung, 2020"
Motschulskyia serratus,Matsumura,Hemiptera,Cicadellidae,1988,NA,NA,NA,NA,TBA
Murmidius ovalis,(Beck),Coleoptera,Cerylonidae,NA,NA,NA,NA,NA,TBA
Mycetophagus quadriguttatus,Muller,Coleoptera,Mycetophagidae,1960,NA,NA,NA,NA,TBA
Mycophila barnesi,Edwards,Diptera,Cecidomyiidae,1986,NA,NA,NA,NA,TBA
Mythimna unipuncta,(Hawarth),Lepidoptera,Noctuidae,1911,NA,NA,NA,NA,TBA
Myzaphis rosarum,Kaltenbach,Hemiptera,Aphididae,1928,NA,NA,NA,NA,TBA
Myzocallis castanicola,Baker,Hemiptera,Aphididae,1920,N.America,NA,NA,NA,"Nahrung, 2020"
Myzocallis coryli,Goeze,Hemiptera,Aphididae,1946,NA,NA,NA,NA,TBA
Myzus antirrhinii,Macchiati,Hemiptera,Aphididae,NA,NA,NA,NA,NA,TBA
Myzus ascalonicus,"Doncaster, 1946",Hemiptera,Aphididae,1961,NA,NA,NA,NA,TBA
Myzus cerasi,Fabricius,Hemiptera,Aphididae,1927,NA,NA,NA,NA,TBA
Myzus cymbalariae,Stroyan,Hemiptera,Aphididae,1960,NA,NA,NA,NA,TBA
Myzus hemerocallis,Takahashi,Hemiptera,Aphididae,NA,NA,NA,NA,NA,TBA
Myzus ornatus,"Laing, 1932",Hemiptera,Aphididae,1941,NA,NA,NA,NA,TBA
Myzus persicae,"(Sulzer, 1775)",Hemiptera,Aphididae,1903,Asia,NA,NA,NA,"Nahrung, 2020"
Nacerdes melanura,Linnaeus,Coleoptera,Oedemeridae,1957,NA,NA,NA,NA,TBA
Nacoleia octasema,Meyrick,Lepidoptera,Pyralidae,1926,NA,NA,NA,NA,TBA
Nasonovia ribisnigri,(Mosley),Hemiptera,Aphididae,2004,NA,NA,NA,NA,TBA
Naupactus cervinus,(Boheman),Coleoptera,Curculionidae,1934,S.America,NA,NA,NA,"Nahrung, 2020"
Naupactus leucoloma,Boheman,Coleoptera,Curculionidae,1929,S.America,NA,NA,NA,"Nahrung, 2020"
Naupactus peregrinus,(Buchanon)),Coleoptera,Curculionidae,1985,NA,NA,NA,NA,TBA
Nausibius clavicornis,Kugelann,Coleoptera,Silvanidae,1982,NA,NA,NA,NA,TBA
Nemapogon granella,Linnaeus,Lepidoptera,Tineidae,1950,NA,NA,NA,NA,TBA
Nematus oligospilus,Forster,Hymenoptera,Tenthredinidae,2003,Europe,NA,NA,NA,"Nahrung, 2020"
Neotoxoptera formosana,Takahashi,Hemiptera,Aphididae,1977,NA,NA,NA,NA,TBA
Neotoxoptera oliveri,Essig,Hemiptera,Aphididae,1943,NA,NA,NA,NA,TBA
Neotoxoptera violae,Pergande,Hemiptera,Aphididae,1928,NA,NA,NA,NA,TBA
Nephotettix malayanus,Ishihara & Kawase,Hemiptera,Cicadellidae,1982,NA,NA,NA,NA,TBA
Nephotettix nigropictus,StÃ¥l,Hemiptera,Cicadellidae,1904,NA,NA,NA,NA,TBA
Nephotettix virescens,Distant,Hemiptera,Cicadellidae,1984,NA,NA,NA,NA,TBA
Nesidiocoris tenuis,(Reuter),Hemiptera,Miridae,NA,NA,NA,NA,NA,TBA
Nezara viridula,"(Linnaeus, 1758)",Hemiptera,Pentatomidae,1905,NA,NA,NA,NA,TBA
Niptus hololeucus,"(Faldermann, 1836)",Coleoptera,Anobiidae,NA,NA,NA,NA,NA,TBA
Nysius caledoniae,Distant,Hemiptera,Lygaeidae,1903,NA,NA,NA,NA,TBA
Odonaspis ruthae,Kotinsky,Hemiptera,Diaspididae,1912,NA,NA,NA,NA,TBA
Odonaspis saccharicaulis,(Zehntner),Hemiptera,Diaspididae,2002,NA,NA,NA,NA,TBA
Omosita colon,(Linnaeus),Coleoptera,Nitidulidae,1944,NA,NA,NA,NA,TBA
Ophiomyia phaseoli,Tryon,Diptera,Agromyzidae,1898,NA,NA,NA,NA,TBA
Ophiusa coronata,(Fabricius),Lepidoptera,Noctuidae,1959,NA,NA,NA,NA,TBA
Ophiusa disjungens,(Walker),Lepidoptera,Noctuidae,1902,NA,NA,NA,NA,TBA
Ophiusa trapezium,(Guenee),Lepidoptera,Noctuidae,NA,NA,?native,NA,NA,TBA
Opsius stactogalus,Fieber,Hemiptera,Cicadellidae,1948,NA,NA,NA,NA,TBA
Oraesia emarginata,(Fabricius),Lepidoptera,Noctuidae,NA,NA,?native,NA,NA,TBA
Orchidophilus aterrimus,Waterhouse,Coleoptera,Curculionidae,1904,NA,NA,NA,NA,TBA
Oryzaephilus mercator,Fauvel,Coleoptera,Silvanidae,1934,NA,NA,NA,NA,TBA
Oryzaephilus surinamensis,"(Linnaeus, 1758)",Coleoptera,Silvanidae,1901,NA,NA,NA,NA,TBA
Ostrinia furnacalis,GuenÃ©e,Lepidoptera,Pyralidae,1907,NA,NA,NA,NA,TBA
Otiorhynchus cribricollis,Gyllenhal,Coleoptera,Curculionidae,1888,S.America,NA,NA,NA,"Nahrung, 2020"
Otiorhynchus rugosostriatus,(Goeze),Coleoptera,Curculionidae,1902,NA,NA,NA,NA,TBA
Otiorhynchus sulcatus,"(Fabricius, 1775)",Coleoptera,Curculionidae,1921,NA,NA,NA,NA,TBA
Ovatus crataegarius,Walker,Hemiptera,Aphididae,1920,NA,NA,NA,NA,TBA
Oxya japonica,Thunberg,Orthoptera,Acrididae,1963,NA,NA,NA,NA,TBA
Oxycarenus luctuosus,Montrouzier,Hemiptera,Lygaeidae,1935,NA,NA,NA,NA,TBA
Oxydema procer,Boheman,Coleoptera,Curculionidae,NA,NA,NA,NA,NA,TBA
Oxyodes scrobiculata,(Fabricius),Lepidoptera,Noctuidae,NA,NA,?native,NA,NA,TBA
Palorus ratzeburgi,Wissmann,Coleoptera,Tenebrionidae,1978,NA,NA,NA,NA,TBA
Palorus subdepressus,(Wollaston),Coleoptera,Tenebrionidae,1942,NA,NA,NA,NA,TBA
Paralecanium expansum,Green,Hemiptera,Coccidae,1916,NA,NA,NA,NA,TBA
Paralipsa gularis,(Zeller),Lepidoptera,Pyralidae,1983,NA,NA,NA,NA,TBA
Parapoynx stagnalis,Zeller,Lepidoptera,Pyralidae,1898,NA,NA,NA,NA,TBA
Parasaissetia nigra,Nietner,Hemiptera,Coccidae,1900,Africa,NA,NA,NA,"Nahrung, 2020"
Parlatoria blanchardi,Targioni,Hemiptera,Diaspididae,1903,NA,NA,NA,NA,TBA
Parlatoria crotonis,(Douglas),Hemiptera,Diaspididae,1955,NA,NA,NA,NA,TBA
Parlatoria oleae,(ColvÃ©e),Hemiptera,Diaspididae,1939,NA,NA,NA,NA,TBA
Parlatoria pergandii,Comstock,Hemiptera,Diaspididae,1906,Asia,NA,NA,NA,"Nahrung, 2020"
Parlatoria proteus,Curtis,Hemiptera,Diaspididae,1893,NA,NA,NA,NA,TBA
Parthenolecanium corni,BouchÃ©,Hemiptera,Coccidae,1976,NA,NA,NA,NA,TBA
Parthenolecanium persicae,"(Fabricius, 1776)",Hemiptera,Coccidae,1902,NA,NA,NA,NA,TBA
Patagoniodes farinaria,Turner,Lepidoptera,Pyralidae,1949,NA,NA,NA,NA,TBA
Pealius azaleae,Baker & Moles,Hemiptera,Aleyrodidae,1960,NA,NA,NA,NA,TBA
Pectinophora gossypiella,Saunders,Lepidoptera,Gelechiidae,1914,NA,NA,NA,NA,TBA
Pectinophora scutigera,Holdaway,Lepidoptera,Gelechiidae,1942,NA,NA,NA,NA,TBA
Pemphigus bursarius,(Linneaus),Hemiptera,Aphididae,1924,Europe,NA,NA,NA,"Nahrung, 2020"
Pemphigus populitransversus,Riley,Hemiptera,Aphididae,1995,NA,NA,NA,NA,TBA
Pentalonia caladii,van der Groot,Hemiptera,Aphididae,1986,NA,NA,NA,NA,TBA
Pentalonia nigronervosa,(Coquerel),Hemiptera,Aphididae,1892,NA,NA,NA,NA,TBA
Periphyllus californiensis,Shinji,Hemiptera,Aphididae,1957,Asia,NA,NA,NA,"Nahrung, 2020"
Perkinsiella thompsoni,Muir,Hemiptera,Delphacidae,1997,NA,NA,NA,NA,TBA
Phenacoccus graminicola,Leonardi,Hemiptera,Pseudococcidae,1953,NA,NA,NA,NA,TBA
Phenacoccus parvus,Morrison,Hemiptera,Pseudococcidae,1988,NA,NA,NA,NA,TBA
Phenacoccus solani,Ferris,Hemiptera,Pseudococcidae,2005,NA,NA,NA,NA,TBA
Phenacoccus solenopsis,Tinsley,Hemiptera,Pseudococcidae,2009,NA,NA,NA,NA,TBA
Phloeosinus cupressi,Hopkins,Coleoptera,Curculionidae,1947,N.America,NA,NA,NA,"Nahrung, 2020"
Phloeosinus dubiosus,Schedl,Coleoptera,Curculionidae,1952,NA,NA,NA,NA,TBA
Phlyctinus callosus,(SchÃ¶nherr),Coleoptera,Curculionidae,1888,Africa,NA,NA,NA,"Nahrung, 2020"
Phthorimaea operculella,"(Zeller, 1873)",Lepidoptera,Gelechiidae,1898,NA,NA,NA,NA,TBA
Phyllaphis fagi,Linnaeus,Hemiptera,Aphididae,1946,NA,NA,NA,NA,TBA
Phyllocnistis citrella,"Stainton, 1856",Lepidoptera,Gracillariidae,1964,NA,NA,NA,NA,TBA
Phyllonorycter messaniella,(Zeller),Lepidoptera,Gracillariidae,1975,Europe,NA,NA,NA,"Nahrung, 2020"
Phyllotreta undulata,Kutschera,Coleoptera,Chrysomelidae,1940,NA,NA,NA,NA,TBA
Pieris rapae,"(Linnaeus, 1758)",Lepidoptera,Pieridae,1947,NA,NA,NA,NA,TBA
Pineus pini,(Macquart),Hemiptera,Adelgidae,1920,NA,(sensu lato),NA,NA,TBA
Pinnaspis aspidistrae,(Signoret),Hemiptera,Diaspididae,1899,NA,NA,NA,NA,TBA
Pinnaspis buxi,(Bouche),Hemiptera,Diaspididae,1981,Asia,NA,NA,NA,"Nahrung, 2020"
Pinnaspis strachani,(Cooley),Hemiptera,Diaspididae,1913,Asia,NA,NA,NA,"Nahrung, 2020"
Planococcus citri,(Risso),Hemiptera,Pseudococcidae,1900,Asia,NA,NA,NA,"Nahrung, 2020"
Planococcus lilacinus,Cockerell,Hemiptera,Pseudococcidae,1983,NA,NA,NA,NA,TBA
Planococcus mali,Ezzat & McConnell,Hemiptera,Pseudococcidae,1962,NA,NA,NA,NA,TBA
Planococcus minor,Maskell,Hemiptera,Pseudococcidae,1926,Asia,NA,NA,NA,"Nahrung, 2020"
Platypus hybridus,Schedl,Coleoptera,Curculionidae,2013,NA,NA,NA,NA,TBA
Plectris aliena,Chapin,Coleoptera,Scarabaeidae,1979,NA,NA,NA,NA,TBA
Pleotrichophorus chrysanthemi,(Theobald),Hemiptera,Aphididae,1963,NA,NA,NA,NA,TBA
Plodia interpunctella,(HÃ¼bner),Lepidoptera,Pyralidae,1899,NA,NA,NA,NA,TBA
Plutella xylostella,(Linnaeus),Lepidoptera,Plutellidae,1939,NA,NA,NA,NA,TBA
Polytus mellerborgii,(Boheman),Coleoptera,Curculionidae,1932,NA,NA,NA,NA,TBA
Pontania proxima,(Lepeletier),Hymenoptera,Tenthridinidae,1994,Eurasia,NA,NA,NA,"Nahrung, 2020"
Priophorus morio,Lepeletier,Hymenoptera,Tenthredinidae,1974,NA,NA,NA,NA,TBA
Procontarinia pustulata,Kolesik,Diptera,Cecidomyiidae,2008,NA,NA,NA,NA,TBA
Prodromus oculatus,(Poppius),Hemiptera,Nabidae,2000,NA,NA,NA,NA,TBA
Protopulvinaria pyriformis,(Cockerell),Hemiptera,Coccidae,2015,NA,NA,NA,NA,TBA
Pselactus spadix,(Herbst),Coleoptera,Curculionidae,NA,NA,NA,NA,NA,TBA
Pseudaonidia trilobitiformis,(Green),Hemiptera,Diaspididae,1982,NA,NA,NA,NA,TBA
Pseudaulacaspis cockerelli,Cooley,Hemiptera,Diaspididae,1914,Asia,NA,NA,NA,"Nahrung, 2020"
Pseudaulacaspis pentagona,Targioni,Hemiptera,Diaspididae,1889,Asia,NA,NA,NA,"Nahrung, 2020"
Pseudococcus cryptus,(Hempel),Hemiptera,Pseudococcidae,2007,NA,NA,NA,NA,TBA
Pseudococcus jackbeardsleyi,Gimpel & Miller,Hemiptera,Pseudococcidae,2004,NA,NA,NA,NA,TBA
Pseudococcus viburni,"Maskell, 1875",Hemiptera,Pseudococcidae,1895,S.America,NA,NA,NA,"Nahrung, 2020"
Psocathropos microps,(Enderlein),Psocoptera,Psyllipsocidae,NA,NA,NA,NA,NA,TBA
Psorosticha zizyphi,Stainton,Lepidoptera,Oecophoridae,1966,NA,NA,NA,NA,TBA
Psyllopsis fraxini,(Linneaus),Hemiptera,Psyllidae,1942,Europe,NA,NA,NA,"Nahrung, 2020"
Psyllopsis fraxinicola,(Foerster),Hemiptera,Psyllidae,2003,Europe,NA,NA,NA,"Nahrung, 2020"
Pterocallis alni,De Geer,Hemiptera,Aphididae,NA,NA,NA,NA,NA,TBA
Ptilinus pectinicornis,(Linneaus),Coleoptera,Anobiidae,1994,NA,NA,NA,NA,TBA
Ptinus exulans,Erichson,Coleoptera,Anobiidae,1930,NA,NA,NA,NA,TBA
Ptinus fur,"(Linnaeus, 1758)",Coleoptera,Anobiidae,1939,NA,NA,NA,NA,TBA
Ptinus latro,"Fabricius, 1775",Coleoptera,Anobiidae,1957,NA,NA,NA,NA,TBA
Pulvinaria floccifera,Westwood,Hemiptera,Coccidae,1889,NA,NA,NA,NA,TBA
Pulvinaria hydrangeae,Steinweden,Hemiptera,Coccidae,1957,NA,NA,NA,NA,TBA
Pulvinaria polygonata,Cockerell,Hemiptera,Coccidae,1916,NA,NA,NA,NA,TBA
Pulvinaria psidii,Maskell,Hemiptera,Coccidae,1914,NA,NA,NA,NA,"Nahrung, 2020"
Pulvinaria urbicola,Cockerell,Hemiptera,Coccidae,1939,NA,NA,NA,NA,"Nahrung, 2020"
Pulvinariella mesembryanthemi,Vallot,Hemiptera,Coccidae,1980,NA,NA,NA,NA,TBA
Pyralis farinalis,"Linnaeus, 1758",Lepidoptera,Pyralidae,1842,NA,NA,NA,NA,TBA
Recilia dorsalis,Motschulsky,Hemiptera,Cicadellidae,1980,NA,NA,NA,NA,TBA
Reesa vespulae,"(Milliron, 1939)",Coleoptera,Dermestidae,1969,NA,NA,NA,NA,TBA
Rhabdoscelus interstitialis,(Bohemnan),Coleoptera,Curculionidae,1859,NA,NA,NA,NA,TBA
Rhabdoscelus obscurus,Boisduval,Coleoptera,Curculionidae,1893,NA,NA,NA,NA,TBA
Eriococcus coccineus,Cockerell,Hemiptera,Eriococcidae,1952,NA,NA,NA,NA,TBA
Rhizoecus dianthi,(Green),Hemiptera,Rhizoecidae,1980,NA,NA,NA,NA,TBA
Rhizoecus falcifer,KÃ¼nckel d'Herculais,Hemiptera,Rhizoecidae,1961,Europe,NA,NA,NA,"Nahrung, 2020"
Rhodobium porosum,Sanderson,Hemiptera,Aphididae,1967,NA,NA,NA,NA,TBA
Rhopalomyia chrysanthemi,Ahlberg,Diptera,Cecidomyiidae,1977,NA,NA,NA,NA,TBA
Rhopalosiphoninus latysiphon,Davidson,Hemiptera,Aphididae,1962,NA,NA,NA,NA,TBA
Rhopalosiphoninus staphyleae,Koch,Hemiptera,Aphididae,1960,NA,NA,NA,NA,TBA
Rhopalosiphum insertum,"(Walker, 1849)",Hemiptera,Aphididae,1988,NA,NA,NA,NA,TBA
Rhopalosiphum maidis,"(Fitch, 1856)",Hemiptera,Aphididae,1931,NA,NA,NA,NA,TBA
Rhopalosiphum nymphaeae,Linnaeus,Hemiptera,Aphididae,1928,NA,NA,NA,NA,TBA
Rhopalosiphum padi,"(Linnaeus, 1758)",Hemiptera,Aphididae,1905,NA,NA,NA,NA,TBA
Rhopalosiphum rufiabdominale,"(Sasaki, 1899)",Hemiptera,Aphididae,1933,NA,NA,NA,NA,TBA
Rhyzopertha dominica,"(Fabricius, 1792)",Coleoptera,Bostrichidae,1906,NA,NA,NA,NA,TBA
Ribautiana ulmi,(Linneaus),Hemiptera,Cicadellidae,1986,Europe,NA,NA,NA,"Nahrung, 2020"
Saissetia coffeae,"(Walker, 1852)",Hemiptera,Coccidae,1899,NA,NA,NA,NA,"Nahrung, 2020"
Saissetia miranda,(Cockerll & Parrott),Hemiptera,Coccidae,1922,Africa,NA,NA,NA,"Nahrung, 2020"
Saissetia oleae,"(Olivier, 1791)",Hemiptera,Coccidae,1902,Africa,NA,NA,NA,"Nahrung, 2020"
Samia cynthia,Drury,Lepidoptera,Saturniidae,NA,NA,NA,NA,NA,TBA
Scapteriscus didactylus,Latreille,Orthoptera,Gryllidae,1982,NA,NA,NA,NA,TBA
Scaptomyza flava,(FallÃ©n),Diptera,Drosophilidae,1976,NA,NA,NA,NA,TBA
Schizocerella pilicornis,Holmgren,Hymenoptera,Argidae,1930,NA,NA,NA,NA,TBA
Scirpophaga innotata,Walker,Lepidoptera,Pyralidae,1955,NA,NA,NA,NA,TBA
Scolytogenes darwini,Eichoff,Coleoptera,Curculionidae,1932,NA,NA,NA,NA,TBA
Scolytogenes uncatus,(Schedl),Coleoptera,Curculionidae,1972,NA,NA,NA,NA,TBA
Scolytus multistriatus,(Marsham),Coleoptera,Curculionidae,1974,Europe,NA,NA,NA,"Nahrung, 2020"
Shinjia orientalis,Mordvilko,Hemiptera,Aphididae,1925,NA,NA,NA,NA,TBA
Shivaphis celti,(Essig & Kuwana),Hemiptera,Aphididae,2013,Asia,NA,NA,NA,"Nahrung, 2020"
Silvanoprus scuticollis,Walker: 1859,Coleoptera,Silvanidae,NA,NA,NA,NA,NA,TBA
Silvanus unidentatus,(Olivier),Coleoptera,Silvanidae,1892,NA,NA,NA,NA,TBA
Sinoxylon anale,Lesne,Coleoptera,Bostrichidae,1955,Asia,NA,NA,NA,"Nahrung, 2020"
Siphoninus phillyreae,(Haliday),Hemiptera,Aleyrodidae,1998,NA,NA,NA,NA,TBA
Sirex noctilio,Fabricius,Hymenoptera,Siricidae,1951,Eurasia,NA,NA,NA,"Nahrung, 2020"
Sitobion fragariae,(Walker),Hemiptera,Aphididae,2009,NA,NA,NA,NA,TBA
Sitobion luteum,Buckton,Hemiptera,Aphididae,1961,NA,NA,NA,NA,TBA
Sitobion miscanthi,"(Takahashi, 1921)",Hemiptera,Aphididae,1923,NA,NA,NA,NA,TBA
Sitona discoideus,Gyllenhal,Coleoptera,Curculionidae,1954,NA,NA,NA,NA,TBA
Sitophilus granarius,"(Linnaeus, 1758)",Coleoptera,Curculionidae,1909,NA,NA,NA,NA,TBA
Sitophilus linearis,Herbst,Coleoptera,Curculionidae,1967,NA,NA,NA,NA,TBA
Sitophilus oryzae,"(Linnaeus, 1763)",Coleoptera,Curculionidae,1809,NA,NA,NA,NA,TBA
Sitophilus zeamais,Motschulsky,Coleoptera,Curculionidae,1896,NA,NA,NA,NA,TBA
Sitotroga cerealella,"(Olivier, 1789)",Lepidoptera,Gelechiidae,1901,NA,NA,NA,NA,TBA
Smicronyx lutulentus,Dietz,Coleoptera,Curculionidae,1981,NA,NA,NA,NA,TBA
Smittia aterrima,Meigen,Diptera,Chironomidae,1922,NA,NA,NA,NA,TBA
Smynthurodes betae,Westwood,Hemiptera,Aphididae,1923,NA,NA,NA,NA,TBA
Sphaericus gibboides,"(Boieldieu, 1854)",Coleoptera,Anobiidae,NA,NA,NA,NA,NA,TBA
Sphenarches anisodactylus,Walker,Lepidoptera,Pterophoridae,1971,NA,NA,NA,NA,TBA
Sphenophorus brunnipennis,Germar,Coleoptera,Curculionidae,1916,NA,NA,NA,NA,TBA
Spilococcus mamillariae,BouchÃ©,Hemiptera,Pseudococcidae,1931,NA,NA,NA,NA,TBA
Spodoptera exempta,"(Walker, 1856)",Lepidoptera,Noctuidae,1911,NA,NA,NA,NA,TBA
Spodoptera exigua,HÃ¼bner,Lepidoptera,Noctuidae,1903,NA,NA,NA,NA,TBA
Spodoptera frugiperda,(JE Smith),Lepidoptera,Noctuidae,2020,NA,NA,NA,NA,TBA
Spodoptera litura,"(Fabricius, 1775)",Lepidoptera,Noctuidae,1903,NA,NA,NA,NA,TBA
Spulerina isonoma,Meyrick,Lepidoptera,Gracillariidae,1998,NA,NA,NA,NA,TBA
Stegobium paniceum,"(Linnaeus, 1758)",Coleoptera,Anobiidae,1915,NA,NA,NA,NA,TBA
Stephanitis pyrioides,Scott,Hemiptera,Tingidae,1972,NA,NA,NA,NA,TBA
Sternochetus mangiferae,Fabricius,Coleoptera,Curculionidae,1835,NA,NA,NA,NA,TBA
Stromatium longicorne,Newman,Coleoptera,Cerambycidae,1956,NA,NA,NA,NA,TBA
Sueus niisimai,(Eggers),Coleoptera,Curculionidae,1989,NA,NA,NA,NA,TBA
Symmetrischema tangolias,(Gyen),Lepidoptera,Gelechiidae,1914,NA,NA,NA,NA,TBA
Symonicoccus australis,Maskell,Hemiptera,Coccidae,1955,NA,NA,NA,NA,TBA
Synanthedon tipuliformis,Clerck,Lepidoptera,Sesiidae,1939,NA,NA,NA,NA,TBA
Takecallis arundinariae,(Essig),Hemiptera,Aphididae,2008,NA,NA,NA,NA,TBA
Taylorilygus pallidulus,(Blanchard),Hemiptera,Miridae,1940,NA,synonym of Taylorilygus apicalis,NA,NA,TBA
Tectocoris diophthalmus,Thunberg,Hemiptera,Scutelleridae,1906,NA,NA,NA,NA,TBA
Temnorrhynchus retusus,Fabricius,Coleoptera,Scarabaeidae,1985,NA,NA,NA,NA,TBA
Tenebrio molitor,"Linnaeus, 1758",Coleoptera,Tenebrionidae,1901,NA,NA,NA,NA,TBA
Tenebrio obscurus,"Fabricius, 1792",Coleoptera,Tenebrionidae,1904,NA,NA,NA,NA,TBA
Tenebroides mauritanicus,"(Linnaeus, 1758)",Coleoptera,Trogossitidae,1900,NA,NA,NA,NA,TBA
Therioaphis trifolii,Monell,Hemiptera,Aphididae,1977,NA,(sensu lato),NA,NA,TBA
Thylodrias contractus,Motschulsky,Coleoptera,Dermestidae,1977,NA,NA,NA,NA,TBA
Thysanoplusia orichalcea,"(Fabricius, 1775)",Lepidoptera,Noctuidae,1976,NA,NA,NA,NA,TBA
Tinea pallescentella,"Stainton, 1851",Lepidoptera,Tineidae,1998,NA,NA,NA,NA,TBA
Tinea pellionella,"Linnaeus, 1758",Lepidoptera,Tineidae,1950,NA,NA,NA,NA,TBA
Tineola bisselliella,"(Hummel, 1823)",Lepidoptera,Tineidae,1936,NA,NA,NA,NA,TBA
Tinocallis ulmiparvifoliae,Matsumara,Hemiptera,Aphididae,1920,Asia,NA,NA,NA,"Nahrung, 2020"
Tiracola plagiata,Walker,Lepidoptera,Noctuidae,1920,NA,NA,NA,NA,TBA
Torymus varians,Walker,Hymenoptera,Torymidae,NA,NA,NA,NA,NA,TBA
Toxoptera aurantii,"(Boyer de Fonscolombe, 1841)",Hemiptera,Aphididae,1920,NA,NA,NA,NA,TBA
Toxoptera citricida,"(Kirkaldy, 1907)",Hemiptera,Aphididae,1902,NA,synonym of Aphis tavaresi 2008,NA,NA,TBA
Tremex fuscicornis,(Fabricius),Hymenoptera,Siricidae,1996,Eurasia,NA,NA,NA,"Nahrung, 2020"
Trialeurodes vaporariorum,"(Westwood, 1856)",Hemiptera,Aleyrodidae,1959,NA,NA,NA,NA,TBA
Tribolium castaneum,"(Herbst, 1797)",Coleoptera,Tenebrionidae,1924,NA,NA,NA,NA,TBA
Tribolium confusum,"Jacquelin du Val, 1868",Coleoptera,Tenebrionidae,1902,NA,NA,NA,NA,TBA
Tricorynus herbarius,(Gorham: 1883),Coleoptera,Anobiidae,NA,NA,NA,NA,NA,TBA
Trigonogenius globulus,"Solier, 1849",Coleoptera,Anobiidae,1940,NA,NA,NA,NA,TBA
Trigonotylus tenuis,(Reuter),Hemiptera,Miridae,1952,NA,NA,NA,NA,TBA
Trionymus diminutus,(Leonardi),Hemiptera,Pseudococcidae,1937,NA,NA,NA,NA,TBA
Trogium pulsatorium,Linnaeus,Psocoptera,Trogiidae,2007,NA,NA,NA,NA,TBA
Trogoderma inclusum,Le Conte,Coleoptera,Dermestidae,1975,NA,NA,NA,NA,TBA
Trogoderma variabile,Ballion,Coleoptera,Dermestidae,1979,NA,NA,NA,NA,TBA
Tuberculatus annulatus,(Hartig),Hemiptera,Aphididae,1938,Europe,NA,NA,NA,"Nahrung, 2020"
Tuberolachnus salignus,Gmelin,Hemiptera,Aphididae,2010,Asia,NA,NA,NA,"Nahrung, 2020"
Typhaea stercorea,(Linnaeus),Coleoptera,Mycetophagidae,1924,NA,NA,NA,NA,TBA
Tytthus chinensis,StÃ¥l,Hemiptera,Miridae,1974,NA,NA,NA,NA,TBA
Unaspis citri,Comstock,Hemiptera,Diaspididae,1898,NA,NA,NA,NA,TBA
Uroleucon erigeronense,(Thomas),Hemiptera,Aphididae,2013,NA,NA,NA,NA,TBA
Uroleucon sonchi,Linnaeus,Hemiptera,Aphididae,2000,NA,NA,NA,NA,TBA
Urophorus humeralis,"(Fabricius, 1798)",Coleoptera,Nitidulidae,1896,NA,NA,NA,NA,TBA
Vinsonia stellifera,Westwood,Hemiptera,Coccidae,1992,NA,NA,NA,NA,TBA
Vryburgia amaryllidis,BouchÃ©,Hemiptera,Pseudococcidae,1947,NA,NA,NA,NA,TBA
Xanthogaleruca luteola,(Muller),Coleoptera,Chrysomelidae,1982,Europe,synonym of Pyrrhalta luteola,NA,NA,"Nahrung, 2020"
Xenaleyrodes timonii,Martin,Hemiptera,Aleyrodidae,1999,NA,NA,NA,NA,TBA
Xyleborinus artestriatus,(Eichoff),Coleoptera,Curculionidae,NA,NA,NA,NA,NA,TBA
Xyleborinus saxesenii,(Ratzeburg),Coleoptera,Curculionidae,1936,Eurasia,NA,NA,NA,"Nahrung, 2020"
Xyleborus affinis,Eichoff,Coleoptera,Curculionidae,1929,N.America,NA,NA,NA,"Nahrung, 2020"
Xyleborus bidentatus,(Motchulsky),Coleoptera,Curculionidae,1965,NA,NA,NA,NA,TBA
Xyleborus bispinatus,Eichoff,Coleoptera,Curculionidae,NA,NA,NA,NA,NA,TBA
Xyleborus ferrugineus,(Fabricius),Coleoptera,Curculionidae,1929,Asia,NA,NA,NA,"Nahrung, 2020"
Xyleborus perforans,(Wollaston),Coleoptera,Curculionidae,1891,Asia,NA,NA,NA,"Nahrung, 2020"
Xyleborus volvulus,(Fabricius),Coleoptera,Curculionidae,1936,NA,NA,NA,NA,TBA
Xyleborus xylographus,(Say),Coleoptera,Curculionidae,NA,NA,NA,NA,NA,TBA
Xylosandrus crassiusculus,(Motchulsky),Coleoptera,Curculionidae,2011,Asia,NA,NA,NA,"Nahrung, 2020"
Xylosandrus morigerus,(Blandford),Coleoptera,Curculionidae,1937,NA,NA,NA,NA,TBA
Anoplolepis gracilipes,NA,Hymenoptera,Formicidae,NA,NA,NA,NA,NA,TBA
Cardiocondyla emeryi,NA,Hymenoptera,Formicidae,NA,NA,NA,NA,NA,TBA
Hypoponera eduardi,NA,Hymenoptera,Formicidae,NA,NA,NA,NA,NA,TBA
Hypoponera punctatissima,NA,Hymenoptera,Formicidae,NA,NA,NA,NA,NA,TBA
Lepisiota frauenfeldi,NA,Hymenoptera,Formicidae,NA,NA,NA,NA,NA,TBA
Linepithema humile,NA,Hymenoptera,Formicidae,NA,NA,NA,NA,NA,TBA
Lioponera longitarsus,NA,Hymenoptera,Formicidae,NA,NA,NA,NA,NA,TBA
Monomorium floricola,NA,Hymenoptera,Formicidae,NA,NA,NA,NA,NA,TBA
Monomorium intrudens,NA,Hymenoptera,Formicidae,NA,NA,NA,NA,NA,TBA
Monomorium monomorium,NA,Hymenoptera,Formicidae,NA,NA,NA,NA,NA,TBA
Monomorium pharaonis,NA,Hymenoptera,Formicidae,NA,NA,NA,NA,NA,TBA
Nylanderia bourbonica,NA,Hymenoptera,Formicidae,NA,NA,NA,NA,NA,TBA
Paratrechina longicornis,NA,Hymenoptera,Formicidae,NA,NA,NA,NA,NA,TBA
Pheidole indica,NA,Hymenoptera,Formicidae,NA,NA,NA,NA,NA,TBA
Pheidole megacephala,NA,Hymenoptera,Formicidae,NA,NA,NA,NA,NA,TBA
Plagiolepis alluaudi,NA,Hymenoptera,Formicidae,NA,NA,NA,NA,NA,TBA
Pseudoponera stigma,NA,Hymenoptera,Formicidae,NA,NA,NA,NA,NA,TBA
Solenopsis geminata,NA,Hymenoptera,Formicidae,NA,NA,NA,NA,NA,TBA
Solenopsis invicta,NA,Hymenoptera,Formicidae,NA,NA,NA,NA,NA,TBA
Strumigenys membranifera,NA,Hymenoptera,Formicidae,NA,NA,NA,NA,NA,TBA
Syllophopsis sechellensis,NA,Hymenoptera,Formicidae,NA,NA,NA,NA,NA,TBA
Tapinoma melanocephalum,NA,Hymenoptera,Formicidae,NA,NA,NA,NA,NA,TBA
Technomyrmex albipes,NA,Hymenoptera,Formicidae,NA,NA,NA,NA,NA,TBA
Technomyrmex difficilis,NA,Hymenoptera,Formicidae,NA,NA,NA,NA,NA,TBA
Technomyrmex vitiensis,NA,Hymenoptera,Formicidae,NA,NA,NA,NA,NA,TBA
Tetramorium bicarinatum,NA,Hymenoptera,Formicidae,NA,NA,NA,NA,NA,TBA
Tetramorium caldarium,NA,Hymenoptera,Formicidae,NA,NA,NA,NA,NA,TBA
Tetramorium simillimum,NA,Hymenoptera,Formicidae,NA,NA,NA,NA,NA,TBA
Trichomyrmex destructor,NA,Hymenoptera,Formicidae,NA,NA,NA,NA,NA,TBA
Trichomyrmex mayri,NA,Hymenoptera,Formicidae,NA,NA,NA,NA,NA,TBA
Wasmannia auropunctata,NA,Hymenoptera,Formicidae,NA,NA,NA,NA,NA,TBA
Clivina vagans,Putzeys,Coleoptera,Carabidae,1992,NA,NA,NA,NA,TBA
Laemostenus complanatus,(Dejean),Coleoptera,Carabidae,1940,NA,NA,NA,NA,TBA
Cis guangxiensis,Lawrence,Coleoptera,Ciidae,NA,NA,Lawrence 2018,NA,NA,TBA
Ennearthron alienindicus,Lawrence,Coleoptera,Ciidae,NA,NA,Lawrence 2018,NA,NA,TBA
Orthocis flavipennis,(Pic),Coleoptera,Ciidae,2019,NA,Lawrence 2019,NA,NA,TBA
Necrobia ruficollis,(Fabricius),Coleoptera,Cleridae,1892,NA,Justin Bartlett,NA,NA,TBA
Necrobia rufipes,(de Geer),Coleoptera,Cleridae,1901,NA,Justin Bartlett,NA,NA,TBA
Opetiopalpus scutellaris,(Panzer),Coleoptera,Cleridae,NA,NA,Justin Bartlett,NA,NA,TBA
Hippodamia variegata,(Goeze),Coleoptera,Coccinellidae,2000,NA,NA,NA,NA,TBA
Carcinops pumilio,(Erichson),Coleoptera,Histeridae,1929,NA,NA,NA,NA,TBA
Hister nomas,"Erichson, 1834",Coleoptera,Histeridae,NA,NA,AFD,NA,Y,TBA
Oryctes rhinocerus,(Linneus),Coleoptera,Scarabaeidae,NA,NA,Allsopp 2019,NA,NA,TBA
Oryctoderus latitarsus,Boisduval,Coleoptera,Scarabaeidae,NA,NA,Allsopp 2019,NA,NA,TBA
Oxytelus sculptus,Gravenhorst,Coleoptera,Staphylinidae,1899,NA,NA,NA,NA,TBA
Tasgius ater,(Gravenhorst),Coleoptera,Staphylinidae,NA,NA,NA,NA,NA,TBA
Bisnius parcus,(Sharp),Coleoptera,Staphylinidae,NA,NA,NA,NA,NA,TBA
Lithocharis ochracea,(Gravenhorst),Coleoptera,Staphylinidae,NA,NA,Semmens et al. (1992),NA,NA,TBA
Philonthus politus,(Linnaeus),Coleoptera,Staphylinidae,NA,NA,Semmens et al. (1992),NA,NA,TBA
Quedius cruentus,Olivier,Coleoptera,Staphylinidae,NA,NA,NVA,NA,NA,TBA
Quedius fulgidus,(Fabricius),Coleoptera,Staphylinidae,NA,NA,Semmens et al. (1992),NA,NA,TBA
Tachyporus nitidulus,(Fabricius),Coleoptera,Staphylinidae,NA,NA,ALA,NA,NA,TBA
Thaneroclerus buquet,(Lefebvre),Coleoptera,Thanerocleridae,NA,NA,Justin Bartlett,NA,NA,TBA
Adistemia watsoni,"(Wollaston, 1871)",Coleoptera,LATRIDIIDAE,NA,NA,AFD,NA,NA,TBA
Aglenus brunneus,"(Gyllenhal, 1813)",Coleoptera,SALPINGIDAE,NA,NA,AFD,NA,NA,TBA
Anommatus duodecimstriatus,"(MÃ¼ller, P.W.J.,",Coleoptera,Bothrideridae,NA,NA,AFD,NA,NA,TBA
Anomotarus illawarrae,(Macleay),Coleoptera,CARABIDAE,NA,NA,AFD,NA,NA,TBA
Bembidion brullei,Gemminger,Coleoptera,CARABIDAE,NA,NA,AFD,NA,NA,TBA
Bembidion tetracolum,"tetracolum Say,",Coleoptera,CARABIDAE,NA,NA,AFD,NA,NA,TBA
Bostrychoplites cylindricus,"FÃ¥hraeus, 1872",Coleoptera,BOSTRICHIDAE,NA,NA,AFD,NA,NA,TBA
Calyptomerus dubius,"(Marsham, 1802)",Coleoptera,CLAMBIDAE,NA,NA,AFD,NA,NA,TBA
Camptodes humeralis,"BrullÃ©, 1842",Coleoptera,NITIDULIDAE,NA,NA,AFD,NA,NA,TBA
Cartodere constrictus,"(Gyllenhal, 1827)",Coleoptera,LATRIDIIDAE,NA,NA,AFD,NA,NA,TBA
Cercyon haemorrhoidalis,(Fabricius),Coleoptera,HYDROPHILIDAE,NA,NA,AFD,NA,NA,TBA
Cercyon nigriceps,(Marsham),Coleoptera,HYDROPHILIDAE,NA,NA,AFD,NA,NA,TBA
Cercyon quisquilius,(Linnaeus),Coleoptera,HYDROPHILIDAE,NA,NA,AFD,NA,NA,TBA
Chalcionellus aeneovirens,"(Schmidt, 1890)",Coleoptera,HISTERIDAE,NA,NA,AFD,NA,NA,TBA
Cheirodes sardous,"GenÃ©, 1839",Coleoptera,TENEBRIONIDAE,NA,NA,AFD,NA,NA,TBA
Cis chinensis,"Lawrence, 1991",Coleoptera,CIIDAE,NA,NA,AFD,NA,NA,TBA
Cis fuscipes,"MelliÃ©, 1849",Coleoptera,CIIDAE,NA,NA,AFD,NA,NA,TBA
Contacyphon putonii,(Brisout),Coleoptera,SCIRTIDAE,NA,NA,AFD,NA,NA,TBA
Corticaria elongata,"(Gyllenhal, 1827)",Coleoptera,LATRIDIIDAE,NA,NA,AFD,NA,NA,TBA
Corticaria fenestralis,"(Linnaeus, 1758)",Coleoptera,LATRIDIIDAE,NA,NA,AFD,NA,NA,TBA
Dactylosternum abdominale,"(Fabricius, 1792)",Coleoptera,HYDROPHILIDAE,NA,NA,AFD,NA,NA,TBA
Dactylosternum hydrophiloides,(W.S. Macleay),Coleoptera,HYDROPHILIDAE,NA,NA,AFD,NA,NA,TBA
Dorcus intermedius,"(Gestro, 1881)",Coleoptera,LUCANIDAE,NA,NA,AFD,NA,NA,TBA
Euplectus karstenii,"(Reichenbach, 1816)",Coleoptera,STAPHYLINIDAE,NA,NA,AFD,NA,NA,TBA
Gnathoncus communis,"(Marseul, 1862)",Coleoptera,HISTERIDAE,NA,NA,AFD,NA,NA,TBA
Gnathoncus rotundatus,"(Kugelann, 1792)",Coleoptera,HISTERIDAE,NA,NA,AFD,NA,NA,TBA
Gyrohypnus fracticornis,"(O.F. MÃ¼ller,",Coleoptera,STAPHYLINIDAE,NA,NA,AFD,NA,NA,TBA
Harpalus fulvicornis,"(Thunberg, 1806)",Coleoptera,CARABIDAE,NA,NA,AFD,NA,NA,TBA
Holoparamecus depressus,"Curtis, 1833",Coleoptera,ENDOMYCHIDAE,NA,NA,AFD,NA,NA,TBA
Holoparamecus kunzei,"(AubÃ©, 1843)",Coleoptera,ENDOMYCHIDAE,NA,NA,AFD,NA,NA,TBA
Hypocacculus interpunctatus,(Schmidt),Coleoptera,HISTERIDAE,NA,NA,AFD,NA,NA,TBA
Hypocaccus brasiliensis,(Paykull),Coleoptera,HISTERIDAE,NA,NA,AFD,NA,NA,TBA
Latridius minutus,"(Linnaeus, 1767)",Coleoptera,LATRIDIIDAE,NA,NA,AFD,NA,NA,TBA
Leucohimatium arundinaceum,"(ForsskÃ¥l, 1775)",Coleoptera,EROTYLIDAE,NA,NA,AFD,NA,NA,TBA
Lophocateres pusillus,"(Klug, 1832)",Coleoptera,TROGOSSITIDAE,NA,NA,AFD,NA,NA,TBA
Monanus concinnula,"(Walker, 1858)",Coleoptera,SILVANIDAE,NA,NA,AFD,NA,NA,TBA
Monotoma longicollis,"Gyllenhal, 1827",Coleoptera,MONOTOMIDAE,NA,NA,AFD,NA,NA,TBA
Monotoma picipes,"Herbst, 1793",Coleoptera,MONOTOMIDAE,NA,NA,AFD,NA,NA,TBA
Monotoma spinicollis,"AubÃ©, 1837",Coleoptera,MONOTOMIDAE,NA,NA,AFD,NA,NA,TBA
Mycetaea subterraneus,"(Fabricius, 1801)",Coleoptera,MYCETAEIDAE,NA,NA,AFD,NA,NA,TBA
Myrmechixenus vaporariorum,"GuÃ©rin-MÃ©neville, 1843",Coleoptera,TENEBRIONIDAE,NA,NA,AFD,NA,NA,TBA
Nasaltus chinensis,"(Quensel, 1806)",Coleoptera,HISTERIDAE,NA,NA,AFD,NA,NA,TBA
Nitidula carnaria,"(Schaller, 1783)",Coleoptera,NITIDULIDAE,NA,NA,AFD,NA,NA,TBA
Placodes caffer,"(Erichson, 1834)",Coleoptera,HISTERIDAE,NA,NA,AFD,NA,NA,TBA
Palorus depressus,"(Fabricius, 1790)",Coleoptera,TENEBRIONIDAE,NA,NA,AFD,NA,NA,TBA
Paracymus phalacroides,"(Wollaston, 1867)",Coleoptera,HYDROPHILIDAE,NA,NA,AFD,NA,NA,TBA
Phaleria bimaculata,"(Linnaeus, 1767)",Coleoptera,TENEBRIONIDAE,NA,NA,AFD,NA,NA,TBA
Phradonoma nobile,"(Reitter, 1881)",Coleoptera,DERMESTIDAE,NA,NA,AFD,NA,NA,TBA
Ptilineurus marmoratus,"(Reitter, 1877)",Coleoptera,PTINIDAE,NA,NA,AFD,NA,NA,TBA
Ptinus tectus,"Boieldieu, 1856",Coleoptera,PTINIDAE,NA,NA,AFD,NA,NA,TBA
Saprinus chalcites,(Illiger),Coleoptera,HISTERIDAE,NA,NA,AFD,NA,NA,TBA
Saprinus cupreus,Erichson,Coleoptera,HISTERIDAE,NA,NA,AFD,NA,NA,TBA
Saprinus splendens,(Paykull),Coleoptera,HISTERIDAE,NA,NA,AFD,NA,NA,TBA
Somotrichus unifasciatus,"(Fabricius, 1787)",Coleoptera,CARABIDAE,NA,NA,AFD,NA,NA,TBA
Spermophagus sericeus,"(Geoffroy, 1785)",Coleoptera,CHRYSOMELIDAE,NA,NA,AFD,NA,NA,TBA
Tarsostenus univittatus,(Rossi),Coleoptera,Cleridae,NA,NA,AFD,NA,NA,TBA
Tenebriodes virescens,"(Fabricius, 1775)",Coleoptera,TROGOSSITIDAE,NA,NA,AFD,NA,NA,TBA
Trox scaber,(Linnaeus),Coleoptera,TROGIDAE,NA,NA,AFD,NA,NA,TBA
Lantanophaga pusillidactylus,"(Walker, 1864)",Lepidoptera,Pterophoridae,1936,NA,NA,NA,Y,TBA
Acrotrichis inconspicua,"(Matthews, 1874)",Coleoptera,Ptiliidae,NA,NA,NA,NA,NA,TBA
Acrotrichis sericans,"(Heer, 1841)",Coleoptera,Ptiliidae,NA,NA,NA,NA,NA,TBA
Ptenidium pusillum,"(Gyllenhal, 1808)",Coleoptera,Ptiliidae,NA,NA,NA,NA,NA,TBA
Ptinella errabunda,"Johnson, 1975",Coleoptera,Ptiliidae,NA,NA,NA,NA,NA,TBA
Amischa analis,"(Gravenhorst, 1802)",Coleoptera,Staphylinidae,1990,NA,NA,NA,NA,TBA
Carpelimus obesus,"(Kiesenwetter, 1844)",Coleoptera,Staphylinidae,NA,NA,NA,NA,NA,TBA
Clavilispinus exiguus,"(Erichson, 1840)",Coleoptera,Staphylinidae,NA,NA,NA,NA,NA,TBA
Gabrius nigritulus,"(Gravenhorst, 1802)",Coleoptera,Staphylinidae,NA,NA,NA,NA,NA,TBA
Leptacinus batychrus,"(Gyllenhal, 1827)",Coleoptera,Staphylinidae,NA,NA,NA,NA,NA,TBA
Leptacinus pusillus,"(Stephens, 1833)",Coleoptera,Staphylinidae,NA,NA,NA,NA,NA,TBA
Lithocharis nigriceps,"Kraatz, 1859",Coleoptera,Staphylinidae,1984,NA,NA,NA,NA,TBA
Lithocharis sororcula,"Kraatz, 1859",Coleoptera,Staphylinidae,1986,NA,NA,NA,NA,TBA
Lithocharis vilis,"Kraatz, 1859",Coleoptera,Staphylinidae,1980,NA,NA,NA,NA,TBA
Myllaena intermedia,"Erichson, 1837",Coleoptera,Staphylinidae,NA,NA,NA,NA,NA,TBA
Neobisnius procerulus,"(Gravenhorst, 1806)",Coleoptera,Staphylinidae,NA,NA,NA,NA,NA,TBA
Philonthus umbratilis,"(Gravenhorst, 1802)",Coleoptera,Staphylinidae,NA,NA,synonym of Philonthus antipodum,NA,NA,TBA
Philonthus longicornis,"Stephens, 1832",Coleoptera,Staphylinidae,NA,NA,NA,NA,NA,TBA
Tetragonoderus undatus,"Dejean, 1829",Coleoptera,Carabidae,1968,NA,NA,NA,NA,TBA
Asterodiaspis variolosa,(Ratzeburg 1870),Hemiptera,Asterolecaniidae,1915,NA,NA,golden oak scale,NA,"Nahrung, 2020"
Asterodiaspis,(Bouche 1851),Hemiptera,Asterolecaniidae,1891,NA,NA,no common name,NA,TBA
Asterolecanium litseae,Kuwana 1916,Hemiptera,Asterolecaniidae,2019,NA,NA,no common name,NA,TBA
Bambusaspis miliaris,(Boisduval 1869),Hemiptera,Asterolecaniidae,1901,NA,NA,miliaris pit scale,NA,TBA
Planchonia fimbriata,(Boyer de Fonscolombe 1834),Hemiptera,Asterolecaniidae,1894,NA,NA,no common name,NA,TBA
Planchonia stentae,(Brain 1920),Hemiptera,Asterolecaniidae,2019,NA,NA,"euphorbia pit scale, South African pit scale",NA,TBA
Ceroplastes stellifer,(Westwood 1871),Hemiptera,Coccidae,1992,NA,NA,stellate scale,NA,TBA
Discochiton expansum,(Green 1896),Hemiptera,Coccidae,1915,NA,NA,flat scale,NA,"Nahrung, 2020"
Duplaspidiotus claviger,(Cockerell 1901),Hemiptera,Coccidae,1937,NA,NA,camellia mining scale,NA,"Nahrung, 2020"
Kilifia acuminata,(Signoret 1873),Hemiptera,Coccidae,2017,NA,NA,acuminate scale,NA,TBA
Saissetia neglecta,De Lotto 1969,Hemiptera,Coccidae,1979,NA,NA,Caribbean black scale,NA,TBA
Dactylopis ceylonicus,(Green 1896),Hemiptera,Dactylopiidae,1788,NA,"biocontrol, 1788 for dye? 1912 for control(H etal1988)",monacantha cochineal,Y,TBA
Dactylopius austrinus,De Lotto 1974,Hemiptera,Dactylopiidae,1933,NA,"biocontrol, (Mann 1970; Hosking etal1988)",tiger pear cochineal,Y,TBA
Dactylopius confusus,(Cockerell 1893),Hemiptera,Dactylopiidae,NA,NA,"biocontrol, ?? Check Mann 1970",California cochineal scale,Y,TBA
Dactylopius opuntiae,(Cockerell 1896),Hemiptera,Dactylopiidae,1921,NA,"biocontrol, 1921? (H etal1988)",opuntia cochineal scale,Y,TBA
Dactylopius tomentosus,(Lamarck 1801),Hemiptera,Dactylopiidae,1924,NA,"biocontrol, (Dodd 1940; H etal 1988)",tomentose cochineal scale,Y,TBA
Carulaspis minima,(Signoret 1869),Hemiptera,Diaspididae,2018,NA,NA,minute cypress scale,NA,TBA
Comstockaspis perniciosa,(Comstock 1881),Hemiptera,Diaspididae,1895,NA,NA,San Jose scale,NA,TBA
Diaspis boisduvalii,Signoret 8169,Hemiptera,Diaspididae,1934,NA,NA,"coconut snow scale, orchid scale",NA,TBA
Duplachionaspis divergens,(Green 1899),Hemiptera,Diaspididae,1916,NA,NA,no common name,NA,TBA
Hemiberlesia cyanophylli,(Signoret 1869),Hemiptera,Diaspididae,1912,NA,NA,cyanophyllum scale,NA,TBA
Lepidosaphes pinnaeformis,(BouchÃ© 1851),Hemiptera,Diaspididae,1913,NA,NA,cymbidium scale,NA,TBA
Lepidosaphes tapleyi,Williams 1960,Hemiptera,Diaspididae,2007,NA,NA,guava long scale,NA,TBA
Thysanofiorinia leei,Williams 1971,Hemiptera,Diaspididae,1981,NA,NA,lychee scale,NA,TBA
Rhizococcus coccineus,(Cockerell 1894),Hemiptera,Eriococcidae,1952,NA,NA,cactus mealybug,NA,TBA
Hypogeococcus festerianus,(Lizer y Trelles 1942),Hemiptera,Pseudococcidae,1975,NA,biocontrol,Harrisa cactus mealybug,Y,TBA
Hypogeococcus pungens,Granara de Willink 1981,Hemiptera,Pseudococcidae,1975,NA,biocontrol,cactus mealybug,Y,TBA
Paracoccus solani,Ezzat & McConnell 1956,Hemiptera,Pseudococcidae,1978,NA,NA,no common name,NA,TBA
Vryburgia trionymoides,(De Lotto 1961),Hemiptera,Pseudococcidae,2019,NA,NA,no common name,NA,TBA
Achaea janata,(Linneaus),Hemiptera,Erebidae,1916,NA,NA,NA,NA,TBA
Apomyelois ceratoniae,"(Zeller, 1839)",Hemiptera,Pyralidae,1940,NA,NA,NA,NA,TBA
Bedellia somnulentella,(Zeller),Hemiptera,Bedelliidae,1899,NA,NA,NA,NA,TBA
Chilo polychrysa,(Meyrick),Hemiptera,Crambidae,NA,NA,NA,NA,NA,TBA
Cnaphalocrocis medinalis,(Guenee),Hemiptera,Crambidae,1899,NA,NA,NA,NA,TBA
Eudocima phalonia,Clerck,Hemiptera,Noctuidae,1905,NA,NA,NA,NA,TBA
Hyles lineata,(Fabricius),Hemiptera,Sphingidae,1947,NA,NA,NA,NA,TBA
Lamprosema octasema,Meyrick,Hemiptera,Crambidae,1926,NA,NA,NA,NA,TBA
Leucania loryi,(Duponchel),Hemiptera,Noctuidae,NA,NA,NA,NA,NA,TBA
Leucania stenographa,Lower,Hemiptera,Noctuidae,1940,NA,NA,NA,NA,TBA
Niditinea fuscella,(Linneaus),Hemiptera,Tineidae,NA,NA,NA,NA,NA,TBA
Ophiusa tirhaca,(Cramer),Hemiptera,Erebidae,1920,NA,NA,NA,NA,TBA
Serrodes mediopallens,Prout,Hemiptera,Noctuidae,NA,NA,NA,NA,NA,TBA
Tinea columbariella,Wocke,Hemiptera,Tineidae,NA,NA,NA,NA,NA,TBA
Tinea dubiella,Stainton,Hemiptera,Tineidae,NA,NA,NA,NA,NA,TBA
Tinea flaviscentella,Haworth,Hemiptera,Tineidae,NA,NA,NA,NA,NA,TBA
Tinea murariella,Staudinger,Hemiptera,Tineidae,NA,NA,NA,NA,NA,TBA
Tinea transluscens,Meyrick,Hemiptera,Tineidae,NA,NA,NA,NA,NA,TBA
Trichophaga tapetzella,(Linnarus),Hemiptera,Tineidae,1953,NA,NA,NA,NA,TBA
Actinotia hyperici,Denis & SchiffermÃ¼ller,Lepidoptera,NOCTUIDAE,NA,NA,NA,NA,Y,TBA
Aplocera efformata,GuenÃ©e,Lepidoptera,GEOMETRIDAE,NA,NA,NA,NA,Y,TBA
Aplocera plagiata,Linnaeus,Lepidoptera,GEOMETRIDAE,NA,NA,NA,NA,Y,TBA
Arcola malloi,Pastrana,Lepidoptera,PYRALIDAE,NA,NA,NA,NA,Y,TBA
Aristotelia ivae,Busck,Lepidoptera,GELECHIIDAE,NA,NA,NA,NA,Y,TBA
Autoplusia illustrata,GuenÃ©e,Lepidoptera,NOCTUIDAE,NA,NA,NA,NA,Y,TBA
Bradyrrhoa gilveolella,Treitschke,Lepidoptera,PYRALIDAE,NA,NA,NA,NA,Y,TBA
Bucculatrix ivella,Busck,Lepidoptera,BUCCULATRICIDAE,NA,NA,NA,NA,Y,TBA
Bucculatrix parthenica,Bradley,Lepidoptera,BUCCULATRICIDAE,NA,NA,NA,NA,Y,TBA
Cactoblastis cactorum,Berg,Lepidoptera,PYRALIDAE,NA,NA,NA,NA,Y,TBA
Cactoblastis doddi,Heinrich,Lepidoptera,PYRALIDAE,NA,NA,NA,NA,Y,TBA
Carmenta mimosa,Eichlin & Passoa,Lepidoptera,SESIIDAE,NA,NA,NA,NA,Y,TBA
Coccidiphaga scitula,Rambur,Lepidoptera,NOCTUIDAE,NA,NA,NA,NA,Y,TBA
Cochylis atricapitana,Stephens,Lepidoptera,TORTRICIDAE,NA,NA,NA,NA,Y,TBA
Comostolopsis germana,Prout,Lepidoptera,GEOMETRIDAE,NA,NA,NA,NA,Y,TBA
Crocidosema lantana,Busck,Lepidoptera,TORTRICIDAE,1914,NA,NA,NA,Y,TBA
Dialectica scalariella,Zeller,Lepidoptera,GRACILLARIIDAE,NA,NA,NA,NA,Y,TBA
Diastema tigris,GuenÃ©e,Lepidoptera,NOCTUIDAE,NA,NA,NA,NA,Y,TBA
Ectaga garcia,Becker,Lepidoptera,DEPRESSARIIDAE,NA,NA,NA,NA,Y,TBA
Epiblema strenuana,Walker,Lepidoptera,TORTRICIDAE,NA,NA,NA,NA,Y,TBA
Euclasta gigantalis,Viette,Lepidoptera,PYRALIDAE,NA,NA,NA,NA,Y,TBA
Hellinsia balanotes,Meyrick,Lepidoptera,PTEROPHORIDAE,NA,NA,NA,NA,Y,TBA
Leucoptera spartifoliella,HÃ¼bner,Lepidoptera,LYONETIIDAE,NA,NA,NA,NA,Y,TBA
Lorita baccharivora,Pogue,Lepidoptera,TORTRICIDAE,NA,NA,NA,NA,Y,TBA
Loxomorpha flavidissimalis,Grote,Lepidoptera,PYRALIDAE,NA,NA,NA,NA,Y,TBA
Melitara dentata,Grote,Lepidoptera,PYRALIDAE,NA,NA,NA,NA,Y,TBA
Melitara prodenialis,Walker,Lepidoptera,PYRALIDAE,NA,NA,NA,NA,Y,TBA
Neogalea sunia,GuenÃ©e,Lepidoptera,NOCTUIDAE,NA,NA,NA,NA,Y,TBA
Neurostrota gunniella,Busck,Lepidoptera,GRACILLARIIDAE,NA,NA,NA,NA,Y,TBA
Niphograpta albiguttalis,Warren,Lepidoptera,CRAMBIDAE,NA,NA,NA,NA,Y,TBA
Olycella junctolineella,Hulst,Lepidoptera,PYRALIDAE,NA,NA,NA,NA,Y,TBA
Pyropteron doryliformis,Ochsenheimer,Lepidoptera,SESIIDAE,NA,NA,NA,NA,Y,TBA
Salbia haemorrhoidalis,GuenÃ©e,Lepidoptera,CRAMBIDAE,NA,NA,NA,NA,Y,TBA
Samea multiplicalis,GuenÃ©e,Lepidoptera,CRAMBIDAE,1981,NA,NA,NA,Y,TBA
Tucumania tapiacola,Dyar,Lepidoptera,PYRALIDAE,NA,NA,NA,NA,Y,TBA
Tyria jacobaeae,Linnaeus,Lepidoptera,ARCTIIDAE,NA,NA,NA,NA,Y,TBA
Wheeleria spilodactylus,Curtis,Lepidoptera,PTEROPHORIDAE,NA,NA,NA,NA,Y,TBA
Xubida infusellus,Walker,Lepidoptera,CRAMBIDAE,NA,NA,NA,NA,Y,TBA
Vespula germanica,NA,Hymenoptera,Vespidae,NA,NA,NA,NA,NA,TBA
Vespula vulgaris,NA,Hymenoptera,Vespidae,NA,NA,NA,NA,NA,TBA
Polistes dominua,NA,Hymenoptera,Vespidae,NA,NA,NA,NA,NA,TBA
Polistes chinensis,NA,Hymenoptera,Vespidae,NA,NA,NA,NA,NA,TBA
Aeolothrips fasciatus,(Linnaeus),Thysanoptera,Aeolothripidae,1936,NA,NA,NA,NA,TBA
Franklinothrips vespiformis,(Crawford),Thysanoptera,Aeolothripidae,NA,NA,NA,NA,NA,TBA
Rhipidothrips brunneus,Williams,Thysanoptera,Aeolothripidae,1989,NA,NA,NA,NA,TBA
Merothrips floridensis,Watson,Thysanoptera,Merothripidae,NA,NA,NA,NA,NA,TBA
Merothrips morgani,Hood,Thysanoptera,Merothripidae,NA,NA,NA,NA,NA,TBA
Aleurodothrips fasciapennis,(Franklin),Thysanoptera,Phlaeothripidae,NA,NA,NA,NA,NA,TBA
Bagnalliella yuccae,(Hinds),Thysanoptera,Phlaeothripidae,2011,NA,NA,NA,NA,TBA
Gynaikothrips ficorum,(Marchal),Thysanoptera,Phlaeothripidae,1899,NA,NA,NA,NA,TBA
Gynaikothrips uzeli,(Zimmerman),Thysanoptera,Phlaeothripidae,2012,NA,NA,NA,NA,TBA
Haplothrips gowdeyi,(Franklin),Thysanoptera,Phlaeothripidae,1926,NA,NA,NA,NA,TBA
Hoplothrips corticis,(De Geer),Thysanoptera,Phlaeothripidae,NA,NA,NA,NA,NA,TBA
Karnyothrips flavipes,(Jones),Thysanoptera,Phlaeothripidae,NA,NA,NA,NA,NA,TBA
Karnyothrips melaleucus,(Bagnall),Thysanoptera,Phlaeothripidae,NA,NA,NA,NA,NA,TBA
Liothrips vaneeckei,Priesner,Thysanoptera,Phlaeothripidae,2001,NA,NA,NA,NA,"Nahrung, 2020"
Pygmaeothrips angusticeps,(Hood),Thysanoptera,Phlaeothripidae,NA,NA,NA,NA,NA,TBA
Stephanothrips occidentalis,Hood & Williams,Thysanoptera,Phlaeothripidae,NA,NA,NA,NA,NA,TBA
Gastrothrips acuticornis,(Hood),Thysanoptera,Phlaeothripidae,NA,NA,NA,NA,NA,TBA
Asprothrips seminigricornis,(Girault),Thysanoptera,Thripidae,1942,NA,NA,NA,NA,TBA
Leucothrips nigripennis,Reuter,Thysanoptera,Thripidae,1996,NA,NA,NA,NA,TBA
Pseudodendrothrips mori,(Niwa),Thysanoptera,Thripidae,NA,NA,NA,NA,NA,TBA
Anisopilothrips venustulus,(Priesner),Thysanoptera,Thripidae,2007,NA,NA,NA,NA,TBA
Astrothrips tumiceps,Karny,Thysanoptera,Thripidae,2012,NA,NA,NA,NA,TBA
Caliothrips quadrifasciatus,(Girault),Thysanoptera,Thripidae,1995,NA,NA,NA,NA,TBA
Caliothrips striatopterus,(Kobus),Thysanoptera,Thripidae,1958,NA,NA,NA,NA,TBA
Copidothrips octarticulatus,(Schmutz),Thysanoptera,Thripidae,NA,NA,NA,NA,NA,TBA
Elixothrips brevisetis,(Bagnall),Thysanoptera,Thripidae,1996,NA,NA,NA,NA,TBA
Helionothrips errans,(Williams),Thysanoptera,Thripidae,2008,NA,NA,NA,NA,TBA
Heliothrips haemorrhoidalis,(BouchÃ©),Thysanoptera,Thripidae,1893,NA,NA,NA,NA,"Nahrung, 2020"
Hercinothrips bicinctus,(Bagnall),Thysanoptera,Thripidae,1925,NA,NA,NA,NA,TBA
Hercinothrips femoralis,(Reuter),Thysanoptera,Thripidae,1987,NA,NA,NA,NA,TBA
Parthenothrips dracaenae,(Heeger),Thysanoptera,Thripidae,1977,NA,NA,NA,NA,TBA
Selenothrips rubrocinctus,(Giard),Thysanoptera,Thripidae,1905,NA,NA,NA,NA,TBA
Neohydatothrips gracilipes,(Hood),Thysanoptera,Thripidae,1996,NA,NA,NA,NA,TBA
Neohydatothrips samayunkur,Kudo,Thysanoptera,Thripidae,1997,NA,NA,NA,NA,TBA
Apterothrips apteris,(Daniel),Thysanoptera,Thripidae,1957,NA,NA,NA,NA,TBA
Aptinothrips rufus,(Haliday),Thysanoptera,Thripidae,1960,NA,NA,NA,NA,TBA
Anaphothrips obscurus,(MÃ¼ller),Thysanoptera,Thripidae,1959,NA,NA,NA,NA,TBA
Anaphothrips sudanensis,Trybom,Thysanoptera,Thripidae,1959,NA,NA,NA,NA,TBA
Arorathrips mexicanus,(Crawford),Thysanoptera,Thripidae,1903,NA,NA,NA,NA,TBA
Arorathrips spiniceps,(Hood),Thysanoptera,Thripidae,NA,NA,NA,NA,NA,TBA
Bolacothrips striatopennatus,(Schmutz),Thysanoptera,Thripidae,1985,NA,NA,NA,NA,TBA
Chaetanaphothrips leeuweni,(Karny),Thysanoptera,Thripidae,NA,NA,NA,NA,NA,TBA
Chaetanaphothrips orchidii,(Moulton),Thysanoptera,Thripidae,1985,NA,NA,NA,NA,TBA
Chaetanaphothrips signipennis,(Bagnall),Thysanoptera,Thripidae,1924,NA,NA,NA,NA,TBA
Chirothrips manicatus,(Haliday),Thysanoptera,Thripidae,1960,NA,NA,NA,NA,TBA
Danothrips trifasciatus,Sakimura,Thysanoptera,Thripidae,2006,NA,NA,NA,NA,TBA
Dendrothripoides innoxius,(Karny),Thysanoptera,Thripidae,1995,NA,NA,NA,NA,TBA
Dichromothrips corbetti,(Priesner),Thysanoptera,Thripidae,1996,NA,NA,NA,NA,TBA
Echinothrips americanus,Morgan,Thysanoptera,Thripidae,2012,NA,NA,NA,NA,TBA
Frankliniella lantanae,Mound et al.,Thysanoptera,Thripidae,NA,NA,NA,NA,NA,TBA
Frankliniella occidentalis,(Pergande),Thysanoptera,Thripidae,1993,NA,NA,NA,NA,TBA
Frankliniella schultzei,(Trybom),Thysanoptera,Thripidae,1928,NA,NA,NA,NA,TBA
Frankliniella williamsi,Hood,Thysanoptera,Thripidae,1986,NA,NA,NA,NA,TBA
Limothrips angulicornis,Jablonowski,Thysanoptera,Thripidae,1967,NA,NA,NA,NA,TBA
Limothrips cerealium,(Haliday),Thysanoptera,Thripidae,1936,NA,NA,NA,NA,TBA
Limothrips denticornis,(Haliday),Thysanoptera,Thripidae,NA,NA,NA,NA,NA,TBA
Megalurothrips typicus,Bagnall,Thysanoptera,Thripidae,NA,NA,NA,NA,NA,TBA
Megalurothrips usitatus,(Bagnall),Thysanoptera,Thripidae,1935,NA,NA,NA,NA,TBA
Microcepthalothrips abdominalis,(Crawford),Thysanoptera,Thripidae,1955,NA,NA,NA,NA,TBA
Organothrips indicus,Bhatti,Thysanoptera,Thripidae,1998,NA,NA,NA,NA,TBA
Plesiothrips perplexus,(Beach),Thysanoptera,Thripidae,1964,NA,NA,NA,NA,TBA
Salpingothrips aimotofus,Kudo,Thysanoptera,Thripidae,NA,NA,NA,NA,NA,TBA
Scirtothrips aurantii,Faure,Thysanoptera,Thripidae,2002,NA,NA,NA,NA,TBA
Scirtothrips dorsalis,Hood,Thysanoptera,Thripidae,1935,NA,NA,NA,NA,TBA
Scirtothrips inermis,Priesner,Thysanoptera,Thripidae,1994,NA,NA,NA,NA,TBA
Scirtothrips longipennis,(Bagnall),Thysanoptera,Thripidae,1938,NA,NA,NA,NA,TBA
Scolothrips rhagebianus,Priesner,Thysanoptera,Thripidae,1994,NA,NA,NA,NA,TBA
Stenchaetothrips biformis,(Bagnall),Thysanoptera,Thripidae,1985,NA,NA,NA,NA,TBA
Taeniothrips euchariae,(Whetzel),Thysanoptera,Thripidae,NA,NA,NA,NA,NA,TBA
Tenothrips frici,(Uzel),Thysanoptera,Thripidae,1901,NA,NA,NA,NA,TBA
Thrips nigropilosus,Uzel,Thysanoptera,Thripidae,1932,NA,NA,NA,NA,TBA
Thrips palmi,Karny,Thysanoptera,Thripidae,1990,NA,NA,NA,NA,TBA
Thrips simplex,(Morison),Thysanoptera,Thripidae,1932,NA,NA,NA,NA,TBA
Thrips tabaci,Lindeman,Thysanoptera,Thripidae,1901,NA,NA,NA,NA,TBA
Thrips trehernei,Priesner,Thysanoptera,Thripidae,1927,NA,NA,NA,NA,TBA
Thrips vulgatissimus,Haliday,Thysanoptera,Thripidae,1962,NA,NA,NA,NA,TBA
Aedes vexans,NA,Diptera,Culicidae,1996,NA,NA,NA,NA,"Johansen, 2005"
Agonopterix alstroemeriana,NA,Lepidoptera,Depressariidae,2016,NA,NA,NA,NA,"Chen, 2020"
Culex tritaeniorhynchus,NA,Diptera,Culicidae,2020,NA,NA,NA,NA,"2021, Lessard"
Eudiagogus maryae,NA,Coleoptera,Curculionidae,2018,NA,NA,NA,NA,"2018, QuestaGame"
Barypeithes pellucidus,NA,Coleoptera,Curculionidae,2020,NA,NA,NA,NA,"2021, Field Guide to the insects of Tasmania"
Pyroderces badia,NA,Lepidoptera,Cosmopterygidae,2013,NA,NA,NA,NA,"Kolesik, 2018"
Sarucallis kahawaluokalani,NA,Hemiptera,Aphididae,2020,NA,NA,NA,NA,"Hales, 2020"
Aphis forbesi,NA,Hemiptera,Aphididae,2015,NA,NA,NA,NA,"Brumley, 2020"
Trichosiphonaphis polygoni,NA,Hemiptera,Aphididae,1991,NA,NA,NA,NA,"Brumley, 2020"
Wahlgreniella nervata,NA,Hemiptera,Aphididae,2017,NA,NA,NA,NA,"Brumley, 2020"
Reticulaphis distylii,NA,Hemiptera,Aphididae,1999,NA,NA,NA,NA,"Brumley, 2020"
Reticulaphis inflata,NA,Hemiptera,Aphididae,1997,NA,NA,NA,NA,"Brumley, 2020"
Amphorophora rubi,NA,Hemiptera,Aphididae,2004,NA,NA,NA,NA,"Brumley, 2020"
Dysaphis lappae,NA,Hemiptera,Aphididae,1982,NA,NA,NA,NA,"Brumley, 2020"
Hyperomyzus picridis,NA,Hemiptera,Aphididae,1999,NA,NA,NA,NA,"Brumley, 2020"
Pseudoregma sundanica,NA,Hemiptera,Aphididae,1981,NA,NA,NA,NA,"Brumley, 2020"
Schizoneuraphis gallarum,NA,Hemiptera,Aphididae,1999,NA,NA,NA,NA,"Brumley, 2020"
Acraea terpiscore,NA,Lepidoptera,Nymphalidae,2012,NA,NA,NA,0,TBA
Carmenta imosa,NA,Lepidoptera,Sesiidae,NA,NA,NA,NA,Y,TBA
Coleophora alcyonipennella,NA,Lepidoptera,Coleophoridae,1951,NA,NA,NA,0,TBA
Perixera illepidaria,NA,Lepidoptera,Geometridae,2021,NA,NA,NA,0,TBA
