GENUS_SPECIES,Authority,COMMON.NAME,Pest Type,JP NAME,ORDER,SubOrder,FAMILY,Year,Intentional_Release,Host_Group,ORIGIN,Source
Blattella germanica,(Linnaeus),German cockroach,Stored: Sanit,チャバネゴキブリ,Blattodea,NA,Blattellidae,1750,NA,DryA: Seeds: Detritivore,Afrotropic,"Yamanaka, 2015"
Imblattella orchidae,NA,NA,Stored: Sanit,ヨウランゴキブリ,Blattodea,NA,Blattellidae,1973,NA,DryA: Seeds: Detritivore,Australasia,"Yamanaka, 2015"
Supella longipalpa,(Fabricius),Brown-banded roach,Stored: Sanit,チャオビゴキブリ,Blattodea,NA,Blattellidae,2010,NA,DryA: Seeds: Detritivore,Afrotropic,"Yamanaka, 2015"
Blattella lateralis,(Walker),NA,Stored: Sanit,"トルキスタンゴキブリ, チュウトウゴキブリ",Blattodea,NA,Blattidae,2001,NA,DryA: Seeds: Detritivore,Palearctic(Asia)  Afrotropic,"Yamanaka, 2015"
Neostylopyga rhombifolia,(Ståll),NA,Stored: Sanit,イエゴキブリ,Blattodea,NA,Blattidae,NA,NA,DryA: Seeds: Detritivore,Cosmopolitan,"Yamanaka, 2015"
Periplaneta americana,(Linneaus),American cockroach :  American cockroach,Stored: Sanit,ワモンゴキブリ,Blattodea,NA,Blattidae,1951,NA,DryA: Seeds: Detritivore,Afrotropic,"Yamanaka, 2015"
Periplaneta australasiae,(Fabricius),Australian cockroach: Smoky Brown Cockroach,Stored: Sanit,コワモンゴキブリ,Blattodea,NA,Blattidae,1961,NA,DryA: Seeds: Detritivore,Afrotropic,"Yamanaka, 2015"
Periplaneta brunnea,Burmeister,NA,Stored: Sanit,トビイロゴキブリ,Blattodea,NA,Blattidae,1960,NA,DryA: Seeds: Detritivore,Afrotropic,"Yamanaka, 2015"
Periplaneta fuliginosa,NA,NA,Outdoor:Stored:Sanit,クロゴキブリ,Blattodea,NA,Blattidae,1735,NA,DryA: Seeds: Detritivore,Indomalaya,"Yamanaka, 2015"
Lasioderma serricorne,(Fabricius),cigarette beetle :  cigarette beetle:tobacco beetle,Stored,タバコシバンムシ,Coleoptera,NA,Anobiidae,1926,NA,DryA: Seeds,Indomalaya  Afrotropic  Neotropic,"Yamanaka, 2015"
Nicobium hirtum,(Illiger),The pubescent anobiid,Stored,ケブカシバンムシ,Coleoptera,NA,Anobiidae,NA,NA,DryA: Seeds,Palearctic(Asia)  Palearctic(Europe),"Yamanaka, 2015"
Oligomerus ptilinoides,(Wollaston),NA,Timber,ヒゲナガホソシバンムシ,Coleoptera,NA,Anobiidae,1990,NA,DryA: Seeds,Palearctic(Europe),"Yamanaka, 2015"
Stegobium paniceum,(Linnaeus),book-worm :  biscuit beetle:drugstore beetle: sorghum midge,Outdoor:Stored,ジンサンシバンムシ,Coleoptera,NA,Anobiidae,1926,NA,DryA: Seeds,Palearctic(Asia)  Palearctic(Europe),"Yamanaka, 2015"
Anthicus floralis,(Green),sweet potato stem borer,Stored,アトグロホソアリモドキ,Coleoptera,NA,Anthicidae,NA,NA,DryA: Seeds,Cosmopolitan,"Yamanaka, 2015"
Araecerus coffeae,(Fabricius),cocoa weevil,Outdoor:Stored,ワタミヒゲナガゾウムシ,Coleoptera,NA,Anthribidae,1956,NA,Seeds: Leaf,Nearctic  Neotropic,"Yamanaka, 2015"
Trigonorhinus zeae,(Woifrum),syn (Trigonorhinus trimaculatus),Not pest,ミツモンヒゲナガゾウムシ,Coleoptera,NA,Anthribidae,1986,NA,Fungus,Neotropic,"Yamanaka, 2015"
Dinoderus bifoveolayus,NA,NA,Timber,ヒメタケナガシンクイ,Coleoptera,NA,Bostrichidae,NA,NA,Wood,NA,"Yamanaka, 2015"
Dinoderus minutus,(Fabricius),bamboo powderpost beetle,Timber,チビタケナガシンクイ,Coleoptera,NA,Bostrichidae,1878,NA,Wood,Indomalaya,"Yamanaka, 2015"
Heterobostrychus aequalis,(Waterhouse),NA,Stored,ホソナガシンクイ,Coleoptera,NA,Bostrichidae,1999,NA,Wood,Indomalaya,"Yamanaka, 2015"
Heterobostrychus hamatipennis,NA,NA,Timber,オオナガシンクイ,Coleoptera,NA,Bostrichidae,NA,NA,Wood,Indomalaya,"Yamanaka, 2015"
Lyctoxylon dentatum,(Fauvel),NA,Timber,アラゲヒラタキクイムシ,Coleoptera,NA,Bostrichidae,NA,NA,Wood,Palearctic(Asia),"Yamanaka, 2015"
Lyctus africanus,NA,NA,Timber,アフリカヒラタキクイムシ,Coleoptera,NA,Bostrichidae,NA,NA,Wood,NA,"Yamanaka, 2015"
Lyctus brunneus,(Stephens),powderpost beetle,Timber,ヒラタキクイムシ,Coleoptera,NA,Bostrichidae,NA,NA,Wood,Palearctic(Europe),"Yamanaka, 2015"
Lyctus carbonarius,Waltl,syn (Lyctus planicollis),Timber,アメリカヒラタキクイムシ,Coleoptera,NA,Bostrichidae,1966,NA,Wood,Nearctic,"Yamanaka, 2015"
Lyctus linearis,NA,NA,Timber,ナラヒラタキクイムシ,Coleoptera,NA,Bostrichidae,NA,NA,Wood,Palearctic(Europe),"Yamanaka, 2015"
Lyctus sinensis,NA,NA,Timber,ケヤキヒラタキクイムシ,Coleoptera,NA,Bostrichidae,NA,NA,Wood,Palearctic(Asia),"Yamanaka, 2015"
Minthea rugicollis,(Walker),NA,Timber,ケブトヒラタキクイムシ,Coleoptera,NA,Bostrichidae,1964,NA,Wood,Indomalaya,"Yamanaka, 2015"
Rhizopertha dominica,(Fabricius),an Elm Leafhopper: syn (Rhyzopertha dominica),Outdoor:Stored,コナナガシンクイ,Coleoptera,NA,Bostrichidae,NA,NA,Seeds,Indomalaya,"Yamanaka, 2015"
Cylas　formicarius,(Fabricius),NA,Outdoor,アリモドキゾウムシ,Coleoptera,NA,Brentidae,1958,NA,NA,Indomalaya,"Yamanaka, 2015"
Buprestis aurulenta,NA,NA,Outdoor:Timber,アメリカアカヘリタマムシ,Coleoptera,NA,Buprestidae,1940,NA,Wood: Leaf,Nearctic,"Yamanaka, 2015"
Microchaetes sp.,NA,NA,Not pest,マルトゲムシの一種,Coleoptera,NA,Byrrhidae,2004,NA,Detritivore,Australasia,"Yamanaka, 2015"
Lebia viridis,NA,NA,Not pest,コルリアトキリゴミムシ,Coleoptera,NA,Carabidae,1989,NA,Insect,Nearctic,"Yamanaka, 2015"
Acalolepta permutans okinawana,NA,NA,Tree,オキナワキンケビロウドカミキリ,Coleoptera,NA,Cerambycidae,2001,NA,Wood,Palearctic(Asia),"Yamanaka, 2015"
Aromia bungii,(Faldermann),NA,Outdoor:Tree,クビアカツヤカミキリ,Coleoptera,NA,Cerambycidae,2012,NA,Leaf (桜など生木),Palearctic(Asia),"Yamanaka, 2015"
Cerambyx tetrophthalmus,NA,NA,Greenhouse,トウワタベニカミキリ,Coleoptera,NA,Cerambycidae,1913,NA,Leaf (トウワタ),Nearctic,"Yamanaka, 2015"
Ceresium sinicum,(Signoret),NA,Tree,テツイロヒメカミキリ,Coleoptera,NA,Cerambycidae,1873,NA,Wood: Leaf,Palearctic(Asia),"Yamanaka, 2015"
Mesosa perplexa,(Signoret),NA,Outdoor:Tree:Timber,チャゴマフカミキリ,Coleoptera,NA,Cerambycidae,NA,NA,Wood: Leaf,Indomalaya,"Yamanaka, 2015"
Paraglenea fortunei,(Saunders),NA,Tree,ラミーカミキリ,Coleoptera,NA,Cerambycidae,NA,NA,Leaf (カラムシなど),Palearctic(Asia),"Yamanaka, 2015"
Prosoplus bankii,(Fabricius),NA,Tree,ムラヤマムネコブサビカミキリ,Coleoptera,NA,Cerambycidae,NA,NA,Wood: Leaf,Indomalaya,"Yamanaka, 2015"
Psacothea hilaris,NA,NA,Outdoor,キボシカミキリ東日本型,Coleoptera,NA,Cerambycidae,1930,NA,Wood: Leaf,Palearctic(Asia)  Indomalaya,"Yamanaka, 2015"
Ropica dorsalis,Kuschel,NA,Tree:Timber,タイリクフタホシサビカミキリ,Coleoptera,NA,Cerambycidae,1959,NA,Wood,Indomalaya,"Yamanaka, 2015"
Trirachys orientalis,Chittenden,NA,Tree,トゲムネミヤマカミキリ,Coleoptera,NA,Cerambycidae,1961,NA,Wood: Leaf,Indomalaya,"Yamanaka, 2015"
Murmidius ovalis,NA,NA,Stored,チビマルホソカタムシ,Coleoptera,NA,Cerylonidae,1919,NA,Seeds,Cosmopolitan,"Yamanaka, 2015"
Acanthoscelides macrophthalmus,NA,NA,Stored,Acanthoscelides macrophthalmus,Coleoptera,NA,Chrysomelidae,1991,NA,Seeds,Cosmopolitan,"Yamanaka, 2015"
Acanthoscelides obtectus,Say,bean weevil:dried bean beetle,Stored,インゲンマメゾウムシ,Coleoptera,NA,Chrysomelidae,1991,NA,Seeds,Nearctic  Neotropic,"Yamanaka, 2015"
Acanthoscelides pallidipennis,(Dorury),NA,Not pest,イタチハギマメゾウムシ,Coleoptera,NA,Chrysomelidae,1977,NA,Seeds,Nearctic,"Yamanaka, 2015"
Bruchus loti,(Pergande),NA,Not pest,ミヤコグサマメゾウムシ,Coleoptera,NA,Chrysomelidae,NA,NA,Seeds,Palearctic(Asia)  Palearctic(Europe),"Yamanaka, 2015"
Bruchus pisorum,(Linnaeus),pea weevil:pea beetle,Outdoor:Stored,エンドウゾウムシ,Coleoptera,NA,Chrysomelidae,1965,NA,Seeds,Cosmopolitan,"Yamanaka, 2015"
Bruchus rufimanus,Bohemann,broadbean weevil:bean beetle,Outdoor:Stored,ソラマメゾウムシ,Coleoptera,NA,Chrysomelidae,1926,NA,Seeds,Nearctic  Palearctic(Asia)  Palearctic(Europe)  Afrotropic,"Yamanaka, 2015"
Callosobruchus chinensis,(Linnaeus),cowpea weevil :  adzuki bean weevil,Outdoor:Stored,アズキマメゾウムシ,Coleoptera,NA,Chrysomelidae,NA,NA,Seeds,Palearctic(Asia)  Indomalaya,"Yamanaka, 2015"
Callosobruchus maculatus,(Fabricius),four-spotted bean weevil :  cowpea weevil:four-spotted bean weevil,Stored,ヨツモンマメゾウムシ,Coleoptera,NA,Chrysomelidae,1945,NA,Seeds,Nearctic  Afrotropic,"Yamanaka, 2015"
Chaetocnema confinis,NA,NA,Outdoor,サツマイモヒサゴトビハムシ,Coleoptera,NA,Chrysomelidae,1995,NA,Root,Indomalaya Palearctic(Asia),"Yamanaka, 2015"
Epitrix hirtipennis,(Melsheimer),tobacco flea-beetle,Outdoor:Greenhouse,タバコノミハムシ,Coleoptera,NA,Chrysomelidae,2011,NA,Leaf,Nearctic,"Yamanaka, 2015"
Laccoptera quadrimaculata,NA,NA,Outdoor,ヨツモンカメノコハムシ,Coleoptera,NA,Chrysomelidae,1999,NA,Leaf,Palearctic(Asia)  Indomalaya,"Yamanaka, 2015"
Oides bowringii,Schoenherr,NA,Tree,キベリハムシ,Coleoptera,NA,Chrysomelidae,1913,NA,Leaf,Palearctic(Asia)  Indomalaya,"Yamanaka, 2015"
Ophraella communa,Blanchard,NA,Greenhouse,ブタクサハムシ,Coleoptera,NA,Chrysomelidae,1996,NA,Leaf,Nearctic,"Yamanaka, 2015"
Podagricomela weisei,NA,NA,Outdoor,カラタチトビハムシ,Coleoptera,NA,Chrysomelidae,2014,NA,Leaf (カラタチ),Palearctic(Asia)  China,"Yamanaka, 2015"
Sagra femorata,(Signoret),NA,Outdoor,フェモラータオオモモブトハムシ,Coleoptera,NA,Chrysomelidae,2009,NA,Leaf,Indomalaya,"Yamanaka, 2015"
Sulcobruchus sauteri,(Kerner),NA,Not pest,ザウテルマメゾウムシ,Coleoptera,NA,Chrysomelidae,NA,NA,Seeds,Indomalaya,"Yamanaka, 2015"
Trachymela sloanei,NA,NA,Not pest,ユーカリハムシ,Coleoptera,NA,Chrysomelidae,2008,NA,Leaf (ユーカリ),Australasia,"Yamanaka, 2015"
Cylindera kaleea yedoensis,NA,NA,Not pest (Predator),トウキョウヒメハンミョウ,Coleoptera,NA,Cicindelidae,NA,NA,Insect,NA,"Yamanaka, 2015"
Corynetes coeruleus,(DeGeer),syn(Korynetes caeruleus),Stored,ニセルリホシカムシ,Coleoptera,NA,Cleridae,1957,NA,DryA,Palearctic(Asia),"Yamanaka, 2015"
Necrobia ruficollis,(Fabricius),Red-shouldered ham beetle :  red-shouldered ham beetle,Stored,アカクビホシカムシ,Coleoptera,NA,Cleridae,1957,NA,DryA,Indomalaya,"Yamanaka, 2015"
Necrobia rufipes,(De Geer),Red-legged ham beetle :  red-legged ham beetle:copra beetle:ham beetle,Stored,アカアシホシカムシ,Coleoptera,NA,Cleridae,NA,NA,DryA,Palearctic(Asia),"Yamanaka, 2015"
Necrobia violacea,(Linnaeus),Imported currantworm,Stored,ルリホシカムシ,Coleoptera,NA,Cleridae,1945,NA,DryA,Palearctic(Asia),"Yamanaka, 2015"
Tarsostenus univittatus,(Rossi),syn(Tarsostenus unvittatus),Not pest (Predator),シロオビカッコウムシ,Coleoptera,NA,Cleridae,NA,NA,Insect,Palearctic(Asia),"Yamanaka, 2015"
Thaneroclerus buqueti,(Lefebvre),NA,Not pest (Predator),サビチビカッコウムシ,Coleoptera,NA,Cleridae,1957,NA,Insect,Palearctic(Asia),"Yamanaka, 2015"
Adalia bipunctata,(Linnaeus),twospotted lady beetle,Not pest (Predator),フタモンテントウ,Coleoptera,NA,Coccinellidae,1993,NA,Insect,Nearctic  Palearctic(Europe),"Yamanaka, 2015"
Brumoides ohtai,NA,syn (Brumoides ohotai),Not pest (Predator),ミスジキイロテントウ,Coleoptera,NA,Coccinellidae,1986,NA,Unkown,Indomalaya,"Yamanaka, 2015"
Calvia muiri,(Timberlake),NA,Not pest (Predator),ムーアシロホシテントウ,Coleoptera,NA,Coccinellidae,NA,NA,Fungus,Indomalaya,"Yamanaka, 2015"
Cryptolaemus montrouzieri,Mulsant,NA,BiolAge,ツマアカオオヒメテントウ,Coleoptera,NA,Coccinellidae,1999,I,Insect,Australasia,"Yamanaka, 2015"
Epilachna varivestis,Mulsant,NA,Outdoor,インゲンテントウ,Coleoptera,NA,Coccinellidae,1997,NA,Leaf,Nearctic Neotropic,"Yamanaka, 2015"
Hyperaspis leechi,(Walker),NA,Not pest (Predator),ヨツボシツヤテントウ,Coleoptera,NA,Coccinellidae,1989,NA,Insect,Indomalaya,"Yamanaka, 2015"
Platynaspidius maculosus,(Weise),NA,Not pest (Predator),モンクチビルテントウ,Coleoptera,NA,Coccinellidae,1998,NA,Insect,Palearctic(Asia),"Yamanaka, 2015"
Psyllobora vigintimaculata,NA,NA,Not pest (Predator),クモガタテントウ,Coleoptera,NA,Coccinellidae,1984,NA,Fungus,Nearctic Palearctic(Asia)  Palearctic(Europe)  Nearctic,"Yamanaka, 2015"
Rhyzobius forestieri,(Waterhouse),NA,Not pest (Predator),ハラアカクロテントウ,Coleoptera,NA,Coccinellidae,1987,NA,Insect,Palearctic(Asia),"Yamanaka, 2015"
Rhyzobius lophanthae,(Blaisdell),syn (Lindorus lophanthae),Not pest (Predator),ムネハラアカクロテントウ,Coleoptera,NA,Coccinellidae,NA,NA,Insect,Australasia,"Yamanaka, 2015"
Rodolia cardinalis,(Mulsant),Australian lady beetle,BiolAge,ベダリアテントウ,Coleoptera,NA,Coccinellidae,1911,I,Insect,Australasia,"Yamanaka, 2015"
Synona consanguinea,NA,Australian lady beetle,Not pest (Predator),ムネアカオオクロテントウ,Coleoptera,NA,Coccinellidae,2014,NA,Insect,Palearctic (Asia)  Indomalaya,"Yamanaka, 2015"
Cryptophagus acutangulus,(Morison),NA,Stored,トゲムネキスイ,Coleoptera,NA,Cryptophagidae,NA,NA,Fungus,Palearctic (Europe),"Yamanaka, 2015"
Cryptophagus cellaris,NA,NA,Stored,ウスバキスイ,Coleoptera,NA,Cryptophagidae,NA,NA,Seeds,Palearctic(Asia)  Palearctic(Europe)  Afrotropic  Indomalaya  Nearctic,"Yamanaka, 2015"
Cryptolestes ferrugineus,(Stephens),rusty grain beetle:rust-red grain beetle,Stored,サビカクムネチビヒラタムシ,Coleoptera,NA,Cucujidae,NA,NA,Seeds,Palearctic(Asia)  Palearctic(Europe),"Yamanaka, 2015"
Cryptolestes pusilloides,NA,NA,Stored,ハウカクムネヒラタムシ,Coleoptera,NA,Cucujidae,NA,NA,Seeds: Fungus (シイタケ),Pantropic,"Yamanaka, 2015"
Cryptolestes pusillus,(Schönherr),flat grain beetle,Stored,カクムネチビヒラタムシ,Coleoptera,NA,Cucujidae,NA,NA,Seeds,Oceania,"Yamanaka, 2015"
Cryptolestes turcicus,NA,NA,Stored,トルコカクムネチビヒラタムシ,Coleoptera,NA,Cucujidae,NA,NA,Seeds,Cosmopolitan,"Yamanaka, 2015"
Aclees hirayamai,Kono,NA,Outdoor:Greenhouse,ヒラヤマナガメゾウムシ,Coleoptera,NA,Curculionidae,NA,NA,Leaf (ゴムノキ),Indomalaya,"Yamanaka, 2015"
Donus punctatus,(Zeller),syn (Hypera punctata),Outdoor,オオタコゾウムシ,Coleoptera,NA,Curculionidae,1978,NA,Leaf (シロツメクサ),Nearctic Palearctic(Europe),"Yamanaka, 2015"
Hylastes ater,(Paykull),NA,Tree,マツノクロキクイムシ,Coleoptera,NA,Curculionidae,NA,NA,Wood,Palearctic(Asia)  Palearctic(Europe),"Yamanaka, 2015"
Hypera nigrirostris,Fabricius,NA,Outdoor,ツメクサタコゾウムシ,Coleoptera,NA,Curculionidae,1943,NA,Leaf,Palearctic(Europe),"Yamanaka, 2015"
Hypera postica,(Gyllenhal),alfalfa weevil,Outdoor:Greenhouse,アルファルファタコゾウムシ,Coleoptera,NA,Curculionidae,1982,NA,Leaf,Nearctic Palearctic(Europe),"Yamanaka, 2015"
Hypera viciae,(Green),NA,Outdoor,ベッチタコゾウムシ,Coleoptera,NA,Curculionidae,1967,NA,Leaf,Palearctic(Asia),"Yamanaka, 2015"
Lissorhoptrus oryzophilus,Kudo,NA,Outdoor,イネミズゾウムシ,Coleoptera,NA,Curculionidae,1976,NA,Leaf (米),Nearctic,"Yamanaka, 2015"
Listroderes costirostris,Schoenherr,Vegetable weevil: syn (Listroderes difficilis),Outdoor:Greenhouse,ヤサイゾウムシ,Coleoptera,NA,Curculionidae,1942,NA,Leaf,Nearctic Neotropic,"Yamanaka, 2015"
Otiorhynchus sulcatus,(Fabricius),black vine weevil,GreenhouseTree,キンケクチブトゾウムシ,Coleoptera,NA,Curculionidae,1980,NA,Leaf,Palearctic(Europe),"Yamanaka, 2015"
Pantomorus cervinus,(Boheman),Fullers (Olinda) rose beetle,Greenhouse,フラーバラゾウムシ,Coleoptera,NA,Curculionidae,1994,NA,Leaf,Neotropic,"Yamanaka, 2015"
Rhinoncus albicinctus,(Comstock),NA,Not pest,ホソクチブトサルゾウムシ,Coleoptera,NA,Curculionidae,1955,NA,Leaf（オオイヌタデ）,Palearctic(Europe),"Yamanaka, 2015"
Sitona amurensis,(Quaintance),NA,Unknown,アムールチビコフキゾウムシ,Coleoptera,NA,Curculionidae,NA,NA,Leaf,Palearctic(Asia),"Yamanaka, 2015"
Sitona flavescens,Borchsenius,NA,Unknown,サビチビコフキゾウムシ,Coleoptera,NA,Curculionidae,1986,NA,Leaf,Nearctic Palearctic(Asia)  Palearctic(Europe)  Nearctic,"Yamanaka, 2015"
Sitona hispidulus,(Fabricius),pea leaf weevil,Outdoor,ケチビコフキゾウムシ,Coleoptera,NA,Curculionidae,1954,NA,Leaf(シロツメクサなどの),Palearctic(Europe),"Yamanaka, 2015"
Sitona lineellus,NA,NA,Outdoor,ベッチチビコフキゾウムシ,Coleoptera,NA,Curculionidae,1970,NA,Leaf(マメ科牧草),Palearctic(Europe)  Afrotropic,"Yamanaka, 2015"
Sitona tessellatus,NA,syn (Sitona tessellates),Outdoor,アカツメクサチビコフキゾウムシ,Coleoptera,NA,Curculionidae,1994,NA,Leaf,Palearctic(Asia),"Yamanaka, 2015"
Stenopelmus rufinasus,Gyllenhal,NA,Not pest,アカウキクサゾウムシ,Coleoptera,NA,Curculionidae,1987,NA,Leaf,Nearctic,"Yamanaka, 2015"
Trachycyrtus spp,(Linnaeus),NA,Greenhouse,アカアシカタゾウムシ属の一種　新種,Coleoptera,NA,Curculionidae,2010,NA,Leaf,Indomalaya,"Yamanaka, 2015"
Tychius picirostris,Lindeman,NA,Outdoor,ツメクサタネコバンゾウムシ,Coleoptera,NA,Curculionidae,1993,NA,Leaf,Palearctic(Asia),"Yamanaka, 2015"
Euscepes　postfasciatus,(Fairmaire),NA,Outdoor,イモゾウムシ,Coleoptera,NA,Curculionoidea,1997,NA,NA,Neotropic,"Yamanaka, 2015"
Orchidophilus aterrimus,NA,NA,Greenhouse,オオランヒメゾウムシ,Coleoptera,NA,Curculionoidea,1966,NA,Leaf (ラン),Indomalaya,"Yamanaka, 2015"
Orchidophilus ran,NA,NA,Greenhouse,ランヒメゾウムシ,Coleoptera,NA,Curculionoidea,1981,NA,Leaf (ラン),Indomalaya,"Yamanaka, 2015"
Anthrenus nipponensis,NA,NA,Stored,シロオビマルカツオブシムシ,Coleoptera,NA,Dermestidae,1929,NA,DryA,Palearctic(Asia),"Yamanaka, 2015"
Attagenus fasciatus,NA,NA,Stored,オビヒメカツオブシムシ,Coleoptera,NA,Dermestidae,1989,NA,DryA,Cosmopolitan,"Yamanaka, 2015"
Attagenus pellio,(Linnaeus),NA,Stored,シラホシヒメカツオブシムシ,Coleoptera,NA,Dermestidae,NA,NA,DryA,Palearctic(Europe)  Palearctic(Asia)  Afrotropic,"Yamanaka, 2015"
Attagenus unicolor japonicus,NA,syn (Attagenus japonicus),Stored,ヒメカツオブシムシ,Coleoptera,NA,Dermestidae,NA,NA,DryA,Palearctic(Asia),"Yamanaka, 2015"
Dermestes ater,DeGeer,black larder beetle:hide beetle,Stored,トビカツオブシムシ,Coleoptera,NA,Dermestidae,NA,NA,DryA,Palearctic(Asia),"Yamanaka, 2015"
Dermestes frischii,Kugelann,NA,Stored,フイリカツオブシムシ,Coleoptera,NA,Dermestidae,NA,NA,DryA,Palearctic(Asia),"Yamanaka, 2015"
Dermestes haemorrhoidalis,NA,NA,Stored,カドマルカツオブシムシ,Coleoptera,NA,Dermestidae,1945,NA,DryA,Palearctic(Europe),"Yamanaka, 2015"
Dermestes lardarius,(Linnaeus),NA,Stored,オビカツオブシムシ,Coleoptera,NA,Dermestidae,NA,NA,DryA,Cosmopolitan,"Yamanaka, 2015"
Dermestes maculatus,(De Geer),Hide beetle :  hide beetle:leather beetle:common hide beetle,Stored,ハラジロカツオブシムシ,Coleoptera,NA,Dermestidae,NA,NA,DryA,Palearctic(Asia)  Palearctic(Europe)  Indomalaya,"Yamanaka, 2015"
Dermestes vorax,NA,NA,Stored,アカオビカツオブシムシ,Coleoptera,NA,Dermestidae,1921,NA,DryA,Palearctic(Asia),"Yamanaka, 2015"
Thylodrias contractus,NA,NA,Stored,マサカカツオブシムシ,Coleoptera,NA,Dermestidae,1954,NA,DryA,Palearctic(Asia),"Yamanaka, 2015"
Trogoderma inclusum,LeConte,NA,Stored,ヒメマダラカツオブシムシ,Coleoptera,NA,Dermestidae,1967,NA,DryA,Palearctic(Asia)  Palearctic(Europe)  Nearctic,"Yamanaka, 2015"
Trogoderma sternale,NA,NA,Stored,アメリカマダラカツオブシムシ,Coleoptera,NA,Dermestidae,2008,NA,Seeds,Nearctic,"Yamanaka, 2015"
Trogoderma varium,(Fabricius),NA,Stored,アカマダラカツオブシムシ,Coleoptera,NA,Dermestidae,NA,NA,DryA,Palearctic(Asia),"Yamanaka, 2015"
Holoparamecus depressus,Maskell,NA,Stored,ホソツヤヒメマキムシ,Coleoptera,NA,Endomychidae,NA,NA,Fungus,NA,"Yamanaka, 2015"
Holoparamecus ragusae,NA,syn(Holoparamecus regusae),Stored,ラグサスツヤヒメマキムシ,Coleoptera,NA,Endomychidae,NA,NA,Fungus,NA,"Yamanaka, 2015"
Carcinops pumilio,(Erichson),NA,Stored,クロチビエンマムシ,Coleoptera,NA,Histeridae,NA,NA,DryA,Palearctic(Asia),"Yamanaka, 2015"
Placonotus testaceus,NA,NA,Stored,カドムネチビヒラタムシ,Coleoptera,NA,Laemophloeidae,NA,NA,Seeds,Nearctic,"Yamanaka, 2015"
Pyropyga sp.,NA,syn (Pyropyga sp),Not pest (Predator),ノハラボタル,Coleoptera,NA,Lampyridae,1982,NA,Animal,Nearctic  Neotropic,"Yamanaka, 2015"
Cartodere australica,(Thunberg),NA,Stored,スジダカヒメマキムシ,Coleoptera,NA,Lathridiidae,1983,NA,Fungus,Australasia,"Yamanaka, 2015"
Cartodere constricta,(Okajima),NA,Stored,クビレヒメマキムシ,Coleoptera,NA,Lathridiidae,1885,NA,Fungus,Palearctic(Asia)  Palearctic(Europe),"Yamanaka, 2015"
Cartodere elongata,NA,NA,Stored,キイロヒメマキムシ,Coleoptera,NA,Lathridiidae,1979,NA,Fungus,Nearctic  Palearctic(Asia),"Yamanaka, 2015"
Cartodere nodifer,NA,syn (Aridius nodifer),Stored,コブヒメマキムシ,Coleoptera,NA,Lathridiidae,1979,NA,Fungus,NA,"Yamanaka, 2015"
Dienerella argus,NA,NA,Stored,オオヒメマキムシ,Coleoptera,NA,Lathridiidae,1982,NA,Fungus,NA,"Yamanaka, 2015"
Dienerella costulata,NA,NA,Stored,ムナビロヒメマキムシ,Coleoptera,NA,Lathridiidae,1877,NA,Fungus,NA,"Yamanaka, 2015"
Dienerella filum,(Lucas),NA,Stored,ホソヒメマキムシ,Coleoptera,NA,Lathridiidae,1961,NA,Fungus,NA,"Yamanaka, 2015"
Dienerella ruficollis,Maskell,NA,Stored,ムネアカヒメマキムシ,Coleoptera,NA,Lathridiidae,1971,NA,Fungus,NA,"Yamanaka, 2015"
Dienerella tanakai,(Westwood),NA,Timber:Stored,ナガヒメマキムシ,Coleoptera,NA,Lathridiidae,1984,NA,Fungus,NA,"Yamanaka, 2015"
Micromalthus debilis,Le Conte,NA,Timber,チビナガヒラタムシ,Coleoptera,NA,Micromalthidae,1976,NA,Wood,Nearctic,"Yamanaka, 2015"
Typhaea stercorea,(Linnaeus),hairy fungus beetle,Stored,チャイロコキノコムシ,Coleoptera,NA,Mycetophagidae,1926,NA,Fungus,Palearctic(Europe),"Yamanaka, 2015"
Carpophilus dimidiatus,(Fabricius),cornsap beetle:dried-fruit beetle,Stored,ガイマイデオキスイ,Coleoptera,NA,Nitidulidae,NA,NA,Seeds,Indomalaya,"Yamanaka, 2015"
Carpophilus freemani,Dobson,NA,Stored,ウスチャデオキスイ,Coleoptera,NA,Nitidulidae,NA,NA,Seeds,Palearctic(Asia),"Yamanaka, 2015"
Carpophilus hemipterus,(Linnaeus),dried-fruit beetle,Stored,クリヤケシキスイ,Coleoptera,NA,Nitidulidae,NA,NA,Seeds,Indomalaya,"Yamanaka, 2015"
Carpophilus marginellus,Motschulsky,NA,Stored,クリイロデオキスイ,Coleoptera,NA,Nitidulidae,1957,NA,Seeds,Palearctic(Asia),"Yamanaka, 2015"
Carpophilus pilosellus,NA,NA,Stored,コメノケシキスイ,Coleoptera,NA,Nitidulidae,1945,NA,Seeds,Palearctic(Asia),"Yamanaka, 2015"
Nacerdes melanura,(Linnaeus),NA,Timber,ツマグロカミキリモドキ,Coleoptera,NA,Oedemeridae,NA,NA,Wood (朽木を食べるそうです),Palearctic(Europe),"Yamanaka, 2015"
Diapus aculeatus,Blandford,NA,Timber,トゲナガキクイムシ,Coleoptera,NA,Platypodidae,NA,NA,Wood,Indomalaya,"Yamanaka, 2015"
Gibbium aequinoctiale,Boieldieu,smooth spider beetle,Stored,ニセセマルヒョウホンムシ,Coleoptera,NA,Ptinidae,1901,NA,DryA,Neotropic,"Yamanaka, 2015"
Gibbium psylloides,(Czempinski),NA,Stored,セマルヒョウホンムシ,Coleoptera,NA,Ptinidae,1967,NA,DryA,Palearctic(Europe),"Yamanaka, 2015"
Pseudeurostus hilleri,(Reitter),two-banded Japanese weevil,Stored,カバイロヒョウホンムシ,Coleoptera,NA,Ptinidae,1945,NA,DryA,Palearctic(Asia)  Palearctic(Europe),"Yamanaka, 2015"
Ptinus clavipes,(Walker),NA,Stored,ヒメヒョウホンムシ,Coleoptera,NA,Ptinidae,1951,NA,DryA,Palearctic(Asia),"Yamanaka, 2015"
Ptinus fur,(Newman),NA,Stored,ヒョウホンムシ,Coleoptera,NA,Ptinidae,1926,NA,DryA,Palearctic(Europe),"Yamanaka, 2015"
Ptinus japonicus,(Risso),NA,Stored,ナガヒョウホンムシ,Coleoptera,NA,Ptinidae,1926,NA,DryA,Palearctic(Asia),"Yamanaka, 2015"
Monotoma longicollis,(Bojer),NA,Stored,ホソムネデオネスイ,Coleoptera,NA,Rhizophagidae,NA,NA,Seeds,Palearctic(Asia)  Palearctic(Europe),"Yamanaka, 2015"
Monotoma picipes,Herbst,NA,Stored,トビイロデオネスイ,Coleoptera,NA,Rhizophagidae,NA,NA,Seeds,Palearctic(Europe),"Yamanaka, 2015"
Monotoma quadrifoveolata,NA,syn (Monotoma quodrifoveolata),Stored,ヨツアナデオネスイ,Coleoptera,NA,Rhizophagidae,NA,NA,Seeds,NA,"Yamanaka, 2015"
Monotoma spinicollis,NA,NA,Stored,トゲムネデオネスイ,Coleoptera,NA,Rhizophagidae,NA,NA,Seeds,NA,"Yamanaka, 2015"
Aplotes roelofsi,Degeer,NA,Not pest,トホシオサゾウムシ,Coleoptera,NA,Rhynchophoridae,NA,NA,Leaf (ツユクサ),Palearctic(Asia),"Yamanaka, 2015"
Diocalandra elongata,(Linnaeus),NA,Stored,コササコクゾウムシ,Coleoptera,NA,Rhynchophoridae,NA,NA,Seeds,NA,"Yamanaka, 2015"
Diocalandra kamiyai,(Karny),syn (Diocalandra kamiya),Tree:Timber,カミヤササコクゾウムシ,Coleoptera,NA,Rhynchophoridae,NA,NA,Seeds,NA,"Yamanaka, 2015"
Diocalandra sasa,(Fabricius),NA,Timber,ササコクゾウムシ,Coleoptera,NA,Rhynchophoridae,NA,NA,Seeds,NA,"Yamanaka, 2015"
Rhynchophorus ferrugineus,(Olivier),Red Palm Weevil,Tree,ヤシオオオサゾウムシ,Coleoptera,NA,Rhynchophoridae,1998,NA,Leaf (ヤシ類),Indomalaya  Oceania,"Yamanaka, 2015"
Sitophilus oryzae,(Linnaeus),Rice weevil :  rice weevil:lesser rice weevil,Stored,ココクゾウムシ,Coleoptera,NA,Rhynchophoridae,NA,NA,Seeds,Palearctic(Asia),"Yamanaka, 2015"
Sitophilus zeamais,Motschulsky,NA,Stored,コクゾウムシ,Coleoptera,NA,Rhynchophoridae,NA,NA,Seeds,NA,"Yamanaka, 2015"
Sphenophorus venatus vestitus,Chittenden,hunting billbug: syn (Sphenophorus venatus),Greenhouse,シバオサゾウムシ,Coleoptera,NA,Rhynchophoridae,1964,NA,Leaf (芝),Nearctic,"Yamanaka, 2015"
Prosopocoilus dissimilis,NA,NA,Not pest,アマミノコギリクワガタ,Coleoptera,NA,Scarabaeidae,2005,NA,Wood,Palearctic(Asia),"Yamanaka, 2015"
Protaetia pryeri oschimana,NA,NA,Not pest,リュキュウツヤハナムグリ,Coleoptera,NA,Scarabaeidae,1985,NA,Wood (昆虫マット？),Palearctic(Asia),"Yamanaka, 2015"
Ahasverus advena,(Waltl),foreign grain beetle,Stored,カドコブホソヒラタムシ,Coleoptera,NA,Silvanidae,1957,NA,Seeds: Fungus,Palearctic(Asia),"Yamanaka, 2015"
Monanus concinnulus,(Walker),NA,Stored,チビセマルホソヒラタムシ,Coleoptera,NA,Silvanidae,1977,NA,Seeds,Pantropic,"Yamanaka, 2015"
Oryzaephilus mercator,(Fauvel),merchant grain beetle,Stored,オオメノコギリヒラタムシ,Coleoptera,NA,Silvanidae,1989,NA,Seeds,Palearctic(Asia),"Yamanaka, 2015"
Oryzaephilus surinamensis,(Linnaeus),Saw-toothed grain beetle :  saw-toothed grain beetle,Outdoor:Stored,ノコギリヒラタムシ,Coleoptera,NA,Silvanidae,NA,NA,Seeds,Neotropic,"Yamanaka, 2015"
Silvanus bidentatus,(Fabricius),NA,Stored,フタトゲホソヒラタムシ,Coleoptera,NA,Silvanidae,NA,NA,Seeds,Palearctic(Europe),"Yamanaka, 2015"
Silvanus lewisi,Reitter,NA,Stored,ヒメフタトゲホソヒラタムシ,Coleoptera,NA,Silvanidae,NA,NA,Seeds,Indomalaya Afrotropic,"Yamanaka, 2015"
Anotylus amicus,(Bernhauer),NA,Not pest (Predator),コバネアシベセスジハネカクシ,Coleoptera,NA,Staphylinidae,2006,NA,Insect,Palearctic(Asia),"Yamanaka, 2015"
Platystethus americanus,Erichson,NA,Not pest (Predator),クロツヤカワベハネカクシ,Coleoptera,NA,Staphylinidae,NA,NA,Insect,Nearctic,"Yamanaka, 2015"
Alphitobius diaperinus,(Panzer),lesser mealworm beetle:lesser mealworm,Stored,ガイマイゴミムシダマシ,Coleoptera,NA,Tenebrionidae,1957,NA,Seeds,Afrotropic,"Yamanaka, 2015"
Alphitobius laevigatus,(Fabricius),black fungus beetle,Stored,ヒメゴミムシダマシ,Coleoptera,NA,Tenebrionidae,1957,NA,Seeds,Indomalaya  Afrotropic  Australasia,"Yamanaka, 2015"
Alphitophagus bifasciatus,(Horsfield),NA,Stored,フタオビツヤゴミムシダマシ,Coleoptera,NA,Tenebrionidae,1957,NA,Seeds,NA,"Yamanaka, 2015"
Gnathocerus cornutus,(Fabricius),broadhorned flour beetle,Stored,オオツノコクヌストモドキ,Coleoptera,NA,Tenebrionidae,1953,NA,Seeds,Indomalaya  Afrotropic,"Yamanaka, 2015"
Latheticus oryzae,Waterhouse,NA,Stored,コゴメゴミムシダマシ,Coleoptera,NA,Tenebrionidae,1953,NA,Seeds,Indomalaya Neotropic Aflotropic,"Yamanaka, 2015"
Palorus ratzeburgii,(Wissmann),the small-eyed flour beetle: syn (Palorus ratzeburgi),Stored,ヒメコクヌストモドキ,Coleoptera,NA,Tenebrionidae,NA,NA,Seeds,NA,"Yamanaka, 2015"
Palorus subdepressus,(Wollaston),NA,Stored,コヒメコクヌストモドキ,Coleoptera,NA,Tenebrionidae,1955,NA,Seeds,Palearctic(Asia),"Yamanaka, 2015"
Tenebrio molitor,Linnaeus,yellow mealworm:yellow mealworm beetle:mealworm,Stored,チャイロコメノゴミムシダマシ,Coleoptera,NA,Tenebrionidae,NA,NA,Seeds,Palearctic(Asia) Palearctic(Europe) indomalaya,"Yamanaka, 2015"
Tenebrio obscurus,(Olivier),NA,Stored,コメノゴミムシダマシ,Coleoptera,NA,Tenebrionidae,1931,NA,Seeds,Palearctic(Europe),"Yamanaka, 2015"
Tribolium castaneum,(Herbst),red-rust flour beetle :  red flour beetle:rust-red flour beetle:wee flour beetle:ferruginous flour beetle:brown grain beetle:red-brown rice-flour beetle,Stored,コクヌストモドキ,Coleoptera,NA,Tenebrionidae,1501,NA,Seeds,Australasia,"Yamanaka, 2015"
Tribolium confusum,Jacquelin du Val,confused flour beetle:pollard weevil:American rice-flour beetle,Stored,ヒラタコクヌストモドキ,Coleoptera,NA,Tenebrionidae,1953,NA,Seeds,Afrotropic,"Yamanaka, 2015"
Tribolium freemani,(Bernard),NA,Stored,カシミールコクヌストモドキ,Coleoptera,NA,Tenebrionidae,1979,NA,Seeds,Indomalaya,"Yamanaka, 2015"
Lophocateres pusillus,(Klug),Japanese maple scale,Stored,ホソチビコクヌスト,Coleoptera,NA,Trogossitidae,1985,NA,Seeds,Indomalaya,"Yamanaka, 2015"
Tenebroides mauritanicus,(Linnaeus),cadelle,Stored,コクヌスト,Coleoptera,NA,Trogossitidae,NA,NA,Seeds,Cosmopolitan,"Yamanaka, 2015"
Allocontarinia sorghicola,Panzer,NA,Outdoor,ソルガムタマバエ,Diptera,蚊亜目,Cecidomyiidae,1953,NA,Leaf (ソルガム),NA,"Yamanaka, 2015"
Lasioptera sp,NA,NA,Greenhouse,トマトウロコタマバエ,Diptera,蚊亜目,Cecidomyiidae,2012,NA,Leaf,NA,"Yamanaka, 2015"
Mycophila speyeri,(Linnaeus),NA,Outdoor,スペイヤーキノコタマバエ,Diptera,蚊亜目,Cecidomyiidae,1985,NA,Fungus,Palearctic(Asia)  Palearctic(Europe)  Nearctic,"Yamanaka, 2015"
Obolodiplosis robiniae,NA,NA,Tree,ハリエンジュハベリマキタマバエ,Diptera,蚊亜目,Cecidomyiidae,2002,NA,Leaf (ハリエンジュ),Nearctic,"Yamanaka, 2015"
Resseliella sp.,NA,NA,Outdoor,ナシシンクイタマバエ,Diptera,蚊亜目,Cecidomyiidae,1919,NA,Fruits (ナシ),NA,"Yamanaka, 2015"
Aedes aegypti,(Linnaeus),yellow fever mosquito: syn (Aedes aegypti),Sanit,ネッタイシマカ,Diptera,蚊亜目,Culicidae,1944,NA,Animal,Afrotropic,"Yamanaka, 2015"
Culex pipiens,Linnaeus,syn (Culex pipiens molestus),Sanit,チカイエカ,Diptera,蚊亜目,Culicidae,1943,NA,Animal,Afrotropic,"Yamanaka, 2015"
Clogmia albipunctata,(Williston),bathroom fly,Sanit,オオケチョウバエ,Diptera,蚊亜目,Psychodidae,1965,NA,Detritivore,Pantropic,"Yamanaka, 2015"
Tinearia alternata,Say,NA,Sanit,ホシチョウバエ,Diptera,蚊亜目,Psychodidae,NA,NA,Detritivore,Palearctic(Asia),"Yamanaka, 2015"
Coboldia fuscipes,(Meigen),syn (Scatopse fuscipes),Outdoor:Sanit,ナガサキニセケバエ,Diptera,蚊亜目,Scatopsidae,NA,NA,Detritivore,Palearctic(Europe),"Yamanaka, 2015"
Scatopse notata,(Linnaeus),NA,Sanit,クロツヤニセケバエ,Diptera,蚊亜目,Scatopsidae,NA,NA,Detritivore,Palearctic(Asia)  Palearctic(Europe),"Yamanaka, 2015"
Liriomyza dianthicola,(Fabricus）,NA,Greenhouse,カーネーションハモグリバエ,Diptera,ハエ亜目,Agromyzidae,1996,NA,Leaf,Palearctic(Asia),"Yamanaka, 2015"
Liriomyza huidobrensis,(Blanchard),South American leafminer,Outdoor:Greenhouse,アシグロハモグリバエ,Diptera,ハエ亜目,Agromyzidae,2001,NA,Leaf (キュウリ・白菜など),Nearctic,"Yamanaka, 2015"
Liriomyza sativae,Blanchard,vegetable leafminer :  legume leafminer,Outdoor:Greenhouse,トマトハモグリバエ,Diptera,ハエ亜目,Agromyzidae,1999,NA,Leaf,Nearctic  Neotropic,"Yamanaka, 2015"
Liriomyza trifolii,(Burgess),Celery leafminer :  legume leafminer,Outdoor:Greenhouse,マメハモグリバエ,Diptera,ハエ亜目,Agromyzidae,1990,NA,Leaf,Nearctic,"Yamanaka, 2015"
Hemipyrellia ligurriens,(Matsumura),NA,Sanit,トウキョウキンバエ,Diptera,ハエ亜目,Calliphoridae,1950,NA,Animal,Indomalaya,"Yamanaka, 2015"
Lucilia illustris,NA,NA,Sanit,ミドリキンバエ,Diptera,ハエ亜目,Calliphoridae,NA,NA,Animal,Palearctic(Asia)  Palearctic(Europe)  Nearctic,"Yamanaka, 2015"
Lucilia sericata,(Meigen),Greenbottle fly,Sanit,ヒロズキンバエ,Diptera,ハエ亜目,Calliphoridae,NA,NA,Animal,Palearctic(Europe)  Afrotropic,"Yamanaka, 2015"
Drosophila hydei,NA,NA,Sanit,カスリショウジョウバエ,Diptera,ハエ亜目,Drosophilidae,NA,NA,Detritivore,Cosmopolitan,"Yamanaka, 2015"
Drosophila immigrans,NA,NA,Outdoor,オオショウジョウバエ,Diptera,ハエ亜目,Drosophilidae,NA,NA,Detritivore,Pantropic,"Yamanaka, 2015"
Drosophila melanogaster,Meigen,common fruit fly,Outdoor,キイロショウジョウバエ,Diptera,ハエ亜目,Drosophilidae,NA,NA,Leaf: Fruits (発酵した果実・樹液),Cosmopolitan,"Yamanaka, 2015"
Drosophila　repleta,(Patterson),NA,Sanit,マダラショウジョウバエ,Diptera,ハエ亜目,Drosophilidae,NA,NA,NA,Paleartic(Asia) (Okinawa),"Yamanaka, 2015"
Drosophila simulans,Sturtevant,NA,Outdoor,オナジショウジョウバエ,Diptera,ハエ亜目,Drosophilidae,1972,NA,Detritivore,Palearctic(Asia),"Yamanaka, 2015"
Drosophila suzukii,(Matsumura),cherry drosophila: Spotted wing drosophila,Outdoor:Greenhouse,オウトウショウジョウバエ,Diptera,ハエ亜目,Drosophilidae,1916,NA,Leaf: Fruits,Palearctic(Asia),"Yamanaka, 2015"
Fannia canicularis,(Linnaeus),lesser house fly,Sanit,ヒメイエバエ,Diptera,ハエ亜目,Fanniidae,NA,NA,Animal: DryA: Detritivore,Cosmopolitan,"Yamanaka, 2015"
Haematobia irritans,(Linnaeus),horn-fly :  horn fly,Sanit,ノサシバエ,Diptera,ハエ亜目,Muscidae,NA,NA,Animal: DryA: Detritivore,Palearctic(Europe),"Yamanaka, 2015"
Musca crassirostris,NA,NA,Sanit,クチブトイエバエ,Diptera,ハエ亜目,Muscidae,1988,NA,Animal: DryA: Detritivore,NA,"Yamanaka, 2015"
Musca domestica,Linnaeus,House fly :  house fly,Sanit,イエバエ,Diptera,ハエ亜目,Muscidae,NA,NA,Animal: DryA: Detritivore,Cosmopolitan,"Yamanaka, 2015"
Dohrniphora cornuta,(Bigot),syn (Diploneura cornuta),Sanit,コシアキノミバエ,Diptera,ハエ亜目,Phoridae,NA,NA,Animal: DryA: Detritivore,Palearctic(Asia),"Yamanaka, 2015"
Megaselia scalaris,NA,NA,Sanit,クサビノミバエ,Diptera,ハエ亜目,Phoridae,1973,NA,Animal,Cosmopolitan,"Yamanaka, 2015"
Plethysmochaeta nobilis,NA,NA,Sanit,ナミツメイタノミバエ,Diptera,ハエ亜目,Phoridae,1990,NA,Detritivore,Indomalaya (Java),"Yamanaka, 2015"
Piophila casei,(Linnaeus),cheese skipper,Stored,チーズバエ,Diptera,ハエ亜目,Piophilidae,1951,NA,Animal: DryA: Detritivore,NA,"Yamanaka, 2015"
Psila nigricornis,NA,NA,Outdoor:Greenhouse,キクノネハネオレバエ,Diptera,ハエ亜目,Psilidae,1988,NA,Root (ニンジンの根),Palearctic(Europe),"Yamanaka, 2015"
Leptocera fuscipennis,NA,NA,Sanit,ハマベハヤトビバエ,Diptera,ハエ亜目,Sphaeroceridae,1977,NA,Detritivore,Palearctic(Europe),"Yamanaka, 2015"
Eumerus strigatus,Fallen,The onion bulb fly,Outdoor:Greenhouse,ハイジマハナアブ,Diptera,ハエ亜目,Syrphidae,NA,NA,Root (タマネギ),Palearctic(Asia),"Yamanaka, 2015"
Merodon equestris,(Fabricius),NA,Greenhouse,スイセンハナアブ,Diptera,ハエ亜目,Syrphidae,1953,NA,Root (スイセン・彼岸花の根),Palearctic(Asia),"Yamanaka, 2015"
Psila rosae,(Venturi),NA,Outdoor,ニンジンサビバエ,Diptera,ハエ亜目,Psilidae,NA,NA,Root (ニンジンの根),Palearctic(Europe),"Yamanaka, 2015"
Ophiomyia phaseoli,NA,NA,Outdoor,インゲンモグリバエ,Diptera,NA,Agromyzidae,1985,NA,Leaf,Paleartic(Asia) (Okinawa),"Yamanaka, 2015"
Dasineura oxycoccana,NA,NA,Outdoor,ブルーベリータマバエ,Diptera,NA,Cecidomyiidae,2015,NA,Fruits (ブルーベリー),Nearctic,"Yamanaka, 2015"
Nilodorum tainanus,NA,syn (Chironomus tainanus),Not pest,ミナミユスリカ,Diptera,NA,Chironomidae,1978,NA,Detritivore,Indomalaya,"Yamanaka, 2015"
Drosophila albomicans,NA,NA,Outdoor,アカショジョウバエ,Diptera,NA,Drosophilidae,1984,NA,Detritivore,Indomalaya,"Yamanaka, 2015"
Hypoderma lineatum,deVillers,Common cattle grub,Sanit,キスジウシバエ,Diptera,NA,Hypodermatidae,1954,NA,Animal,Palearctic(Europe),"Yamanaka, 2015"
Milichiella lacteipennis,(Loew),NA,Sanit,カケメクロコバエ,Diptera,NA,Milichiidae,NA,NA,Animal,Cosmopolitan,"Yamanaka, 2015"
Oestrus ovis,NA,sheep botfly,Sanit,ヒツジバエ,Diptera,NA,Oestridae,1956,NA,Animal,NA,"Yamanaka, 2015"
Hermetia illucens,(Fabricius）,Soldier fly,Sanit: Not pest?,アメリカミズアブ,Diptera,NA,Stratiomyidae,1951,NA,Fruits: Animal: DryA: Detritivore,Nearctic  Neotropic,"Yamanaka, 2015"
Nealsomyia rufella,(Pascoe),NA,Not pest (Predator),オオミノガヤドリバエ,Diptera,NA,Tachinidae,1992,NA,Insect,Palearctic(Asia),"Yamanaka, 2015"
Alebrasca actinidae,NA,syn (Alebrasca actinidiae),Outdoor,キウイヒメヨコバイ,Hemiptera,Auchenorrhyncha,Cicadellidae,1991,NA,Fruits,Palearctic(Asia),"Yamanaka, 2015"
Cryptotympana atrata,NA,NA,Outdoor,アカスジクマゼミ,Hemiptera,Auchenorrhyncha,Cicadellidae,2001,NA,Root,Palearctic(Asia),"Yamanaka, 2015"
Lycorma delicathula,NA,NA,Not pest,シタベニハゴロモ,Hemiptera,Auchenorrhyncha,Fulgoridae,2009,NA,Leaf (ニワウルシ等),Palearctic(Asia)  Indomalaya,"Yamanaka, 2015"
Dufouriellus ater,(Dufour),NA,Not pest (Predator),クロセスジハナカメムシ,Hemiptera,Prosorrhyncha,Anthocoridae,2009,NA,Insect,Palearctic(Europe),"Yamanaka, 2015"
Orius strigiecollis,NA,NA,BiolAge,タイリクヒメハナカメムシ,Hemiptera,Prosorrhyncha,Anthocoridae,NA,NA,Insect,Palearctic (Asia)  Indomalaya (Taiwan,"Yamanaka, 2015"
Cimex lectularis,Linnaeus,Common Bed Bug Hawaiian name: uku-lio,Sanit,トコジラミ,Hemiptera,Prosorrhyncha,Cimicidae,NA,NA,Animal,Palearctic(Europe),"Yamanaka, 2015"
Leptoglossus occidentalis,NA,NA,Tree,マツヘリカメムシ,Hemiptera,Prosorrhyncha,Coreidae,2008,NA,Leaf: Seeds,Nearctic,"Yamanaka, 2015"
Rhagadotarsus kraepelini,NA,NA,Not pest (Predator),トガリアメンボ,Hemiptera,Prosorrhyncha,Gerridae,2001,NA,Insect,Indomalaya  Australasia,"Yamanaka, 2015"
Cavelerius saccharivorus,(Okajima),NA,Outdoor,カンシャコバネナガカメムシ,Hemiptera,Prosorrhyncha,Lygaeidae,1924,NA,Root (サトウキビ),Indomalaya  Palearctic(Asia),"Yamanaka, 2015"
Pirkimerus japonicua,NA,NA,Tree,コガシラコバネナガカメムシ,Hemiptera,Prosorrhyncha,Lygaeidae,1954,NA,Leaf (ササ),Palearctic(Asia),"Yamanaka, 2015"
Agnocoris rubicundus,NA,(Falle'n),Tree,ヤナギアカカスミカメ,Hemiptera,Prosorrhyncha,Miridae,1999,NA,Leaf (ヤナギ),Palearctic(Europe),"Yamanaka, 2015"
Campyloneura virgula,NA,NA,Unknown,カグヤホソカスミカメ,Hemiptera,Prosorrhyncha,Miridae,2014,NA,Insect,Palearctic(Europe),"Yamanaka, 2015"
Mansoniella cinnamomi,NA,NA,Tree,クスベニヒラタカスミカメ,Hemiptera,Prosorrhyncha,Miridae,2015,NA,Leaf (クス),Indomalaya (Taiwan),"Yamanaka, 2015"
Megaloceroea recticornis,NA,NA,Unknown,ミドリホソナガカスミカメ,Hemiptera,Prosorrhyncha,Miridae,NA,NA,Leaf,NA,"Yamanaka, 2015"
Pantilius tunicatus,NA,NA,Tree,ヘリオオカスミカメ,Hemiptera,Prosorrhyncha,Miridae,2008,NA,Leaf,Palearctic(Europe),"Yamanaka, 2015"
Erthesina fullo,(Erichson),NA,Outdoor:Tree,キマダラカメムシ,Hemiptera,Prosorrhyncha,Pentatomidae,1783,NA,Leaf: Fruits (カキ),Indomalaya,"Yamanaka, 2015"
Leptoglossus australis,NA,NA,Outdoor:Greenhouse,アシビロヘリカメムシ,Hemiptera,Prosorrhyncha,Pentatomidae,2004,NA,Leaf,Paleartic(Asia) (Okinawa)  Indomalaya,"Yamanaka, 2015"
Paradasynus spinosus,NA,NA,Outdoor,ミナミトゲヘリカメムシ,Hemiptera,Prosorrhyncha,Pentatomidae,1973,NA,Leaf,Palearctic (Asia)  Indomalaya (Taiwan,"Yamanaka, 2015"
Rhacognathus　corniger,Hsiao & Cheng,NA,Unknown,トゲクチブトカメムシ,Hemiptera,Prosorrhyncha,Pentatomidae,1992,NA,NA,Palearctic(Asia),"Yamanaka, 2015"
Dysdercus cingulatus,NA,NA,Outdoor:Greenhouse,アカホシカメムシ,Hemiptera,Prosorrhyncha,Pyrrhocoroidea,2007,NA,Leaf,Paleartic(Asia) (Okinawa)  Indomalaya,"Yamanaka, 2015"
Agriosphodrus dohrni,(Linnaeus),NA,Not pest (Predator),ヨコヅナサシガメ,Hemiptera,Prosorrhyncha,Reduviidae,1935,NA,Insect,Indomalaya,"Yamanaka, 2015"
Tinna grassator,NA,NA,Not pest (Predator),ヒメアシナガサシガメ,Hemiptera,Prosorrhyncha,Reduviidae,1948,NA,Insect,NA,"Yamanaka, 2015"
Yolinus albopustulatus,NA,NA,Not pest (Predator),アトジロサシガメ,Hemiptera,Prosorrhyncha,Reduviidae,2014,NA,Insect,Palearctic(Asia)  China,"Yamanaka, 2015"
Corythucha ciliata,NA,NA,Tree,プラタナスグンバイ,Hemiptera,Prosorrhyncha,Tingidae,2001,NA,Leaf,Nearctic,"Yamanaka, 2015"
Corythucha marmorata,NA,NA,Not pest,アワダチソウグンバイ,Hemiptera,Prosorrhyncha,Tingidae,2000,NA,Leaf,Neotropic,"Yamanaka, 2015"
Dulinius conchatus,(Degeer),NA,Not pest,ヘクソカズラグンバイ,Hemiptera,Prosorrhyncha,Tingidae,1996,NA,Leaf,NA,"Yamanaka, 2015"
Aleurocanthus camelliae,NA,NA,Tree,チャトゲコナジラミ,Hemiptera,Sternorrhyncha,Aleyrodidae,2004,NA,Leaf,Palearctic (Asia),"Yamanaka, 2015"
Aleurocanthus spiniferus,(Quaintance),citrus spiny whitefly,Outdoor:Greenhouse:Tree,ミカントゲコナジラミ,Hemiptera,Sternorrhyncha,Aleyrodidae,1889,NA,Leaf (チャ): Fruits (カンキツ),Palearctic(Asia),"Yamanaka, 2015"
Bemisia argentifolii,BellowsandPerring,NA,Outdoor:Greenhouse:Tree,シルバーリーフコナジラミ,Hemiptera,Sternorrhyncha,Aleyrodidae,1989,NA,Leaf,Nearctic,"Yamanaka, 2015"
Bemisia tabaci,(Gennadius),tobacco whitefly,Outdoor:Greenhouse:Tree,タバココナジラミ type Q,Hemiptera,Sternorrhyncha,Aleyrodidae,1989,NA,Leaf,Nearctic,"Yamanaka, 2015"
Trialeurodes packardi,(Morrill),strawberry whitefly,Greenhouse,イチゴコナジラミ,Hemiptera,Sternorrhyncha,Aleyrodidae,1974,NA,Leaf: Fruits,Nearctic,"Yamanaka, 2015"
Trialeurodes vaporariorum,(Westwood),Greenhouse white fly :  greenhouse whitefly:glasshouse whitefly,Outdoor:Greenhouse:Tree,オンシツコナジラミ,Hemiptera,Sternorrhyncha,Aleyrodidae,1974,NA,Leaf: Fruits,Nearctic  Australasia,"Yamanaka, 2015"
Acyrthosiphon argus,NA,NA,Tree,ジンチョウゲヒゲナガアブラムシ,Hemiptera,Sternorrhyncha,Aphididae,1989,NA,Leaf(ジンチョウゲ),Palearctic(Asia),"Yamanaka, 2015"
Acyrthosiphon chelidonii,(Meigen),NA,Unknown,クサノオウヒゲナガアブラムシ,Hemiptera,Sternorrhyncha,Aphididae,1981,NA,Leaf,NA,"Yamanaka, 2015"
Aphis fabae,Scopoli,black bean aphid,Outdoor,マメクロアブラムシ,Hemiptera,Sternorrhyncha,Aphididae,1994,NA,Leaf,Palearctic(Asia)  Palearctic(Europe),"Yamanaka, 2015"
Aphis fabae solanella,Theobald,NA,Outdoor,イヌホウズキクロアブラムシ,Hemiptera,Sternorrhyncha,Aphididae,1989,NA,Leaf(イヌホウズキ),Palearctic(Europe),"Yamanaka, 2015"
Aphis hederae,NA,NA,Greenhouse,キヅタクロアブラムシ,Hemiptera,Sternorrhyncha,Aphididae,NA,NA,Leaf,NA,"Yamanaka, 2015"
Aphis nerii,Boyer de Fonscolombe,Oleander Aphid,Tree,キョウチクトウアブラムシ,Hemiptera,Sternorrhyncha,Aphididae,NA,NA,Leaf,Palearctic(Asia),"Yamanaka, 2015"
Aphis oenotherae,Oestlund,NA,Not pest,マツヨイグサアブラムシ,Hemiptera,Sternorrhyncha,Aphididae,2001,NA,Leaf,Nearctic,"Yamanaka, 2015"
Aphis sp,NA,NA,Not pest,ツメクサアブラムシ,Hemiptera,Sternorrhyncha,Aphididae,2001,NA,Leaf,Palearctic(Europe),"Yamanaka, 2015"
Aphis taraxacicola,NA,NA,Not pest,タンポポアブラムシ,Hemiptera,Sternorrhyncha,Aphididae,1983,NA,Leaf,Palearctic(Europe),"Yamanaka, 2015"
Dysaphis tulipae,(Boyer de Fonscolombe),tulip aphid:tulip bulb aphid,Greenhouse,チューリップネアブラムシ,Hemiptera,Sternorrhyncha,Aphididae,1940,NA,Leaf: Root,Nearctic,"Yamanaka, 2015"
Eriosoma lanigerum,NA,Woolly aphis of apple trees,Outdoor,リンゴワタムシ,Hemiptera,Sternorrhyncha,Aphididae,1873,NA,Leaf: Fruits,Nearctic,"Yamanaka, 2015"
Hysteroneura setariae,NA,NA,Unknown,ホモノクロアブラムシ,Hemiptera,Sternorrhyncha,Aphididae,NA,NA,Leaf,NA,"Yamanaka, 2015"
Illinoia lambersi,NA,NA,Tree,ツツジヒゲナガアブラムシ,Hemiptera,Sternorrhyncha,Aphididae,1985,NA,Leaf,NA,"Yamanaka, 2015"
Illinoia liriodendri,NA,NA,Tree,ユリノキヒゲナガアブラムシ,Hemiptera,Sternorrhyncha,Aphididae,1997,NA,Leaf(ユリノキ),Nearctic,"Yamanaka, 2015"
Macrosiphum euphorbiae,(Thomas),Potato aphid :  potato aphid:tomato aphid,Outdoor:Greenhouse,チューリップヒゲナガアブラムシ,Hemiptera,Sternorrhyncha,Aphididae,1964,NA,Leaf,Nearctic,"Yamanaka, 2015"
Metopolophium dirhodum,(Walker),Roesel’s Katydid,Outdoor,ムギウスイロアブラムシ,Hemiptera,Sternorrhyncha,Aphididae,1988,NA,Leaf,Palearctic(Europe),"Yamanaka, 2015"
Myzus ornatus,Laing,Ornate aphid,Greenhouse,スミレコブアブラムシ,Hemiptera,Sternorrhyncha,Aphididae,1981,NA,Leaf,Palearctic(Asia)  Palearctic(Europe),"Yamanaka, 2015"
Nasonovia ribisnigri,(Mosley),NA,Outdoor:Greenhouse,レタスヒゲナガアブラムシ,Hemiptera,Sternorrhyncha,Aphididae,2010,NA,Leaf,Palearctic(Europe),"Yamanaka, 2015"
Nearctaphis bakeri,NA,NA,Outdoor,ツメクサベニマルアブラムシ,Hemiptera,Sternorrhyncha,Aphididae,1985,NA,Leaf,Nearctic,"Yamanaka, 2015"
Pentalonia nigronervosa,NA,NA,Outdoor,クロスジコバネアブラムシ,Hemiptera,Sternorrhyncha,Aphididae,2006,NA,Leaf,Paleartic(Asia),"Yamanaka, 2015"
Rhopalosiphum insertum,NA,NA,Outdoor,リンゴクビレアブラムシ,Hemiptera,Sternorrhyncha,Aphididae,1926,NA,Leaf: Fruits,Palearctic(Asia)  Palearctic(Europe)Nearctic,"Yamanaka, 2015"
Schizaphis graminum,(Rondani),pine needle aphid,Outdoor,ムギミドリアブラムシ,Hemiptera,Sternorrhyncha,Aphididae,1924,NA,Leaf,Palearctic(Asia)  Palearctic(Europe),"Yamanaka, 2015"
Siphonatrophia cupressi,NA,NA,Tree,ヒノキアブラムシ,Hemiptera,Sternorrhyncha,Aphididae,2011,NA,Leaf,Nearctic,"Yamanaka, 2015"
Smynthurodes betae,NA,NA,Outdoor,ケブカチチュウワタムシ,Hemiptera,Sternorrhyncha,Aphididae,1982,NA,Leaf,NA,"Yamanaka, 2015"
Therioaphis trifolii,(Monell),spotted alfalfa-like aphid,Outdoor,アルファルファアブラムシ,Hemiptera,Sternorrhyncha,Aphididae,1982,NA,Leaf,Palearctic(Asia)  Palearctic(Europe),"Yamanaka, 2015"
Tuberolachnus macrotuberculatus,NA,NA,Outdoor,ビワコブオオアブラムシ,Hemiptera,Sternorrhyncha,Aphididae,2010,NA,Leaf: Fruits,Palearctic(Asia),"Yamanaka, 2015"
Uroleucon erigeronensis,NA,NA,Not pest,ヒメムカシヨモギヒゲナガアブラムシ,Hemiptera,Sternorrhyncha,Aphididae,1981,NA,Leaf,Nearctic,"Yamanaka, 2015"
Uroleucon nigrotuberculatum,NA,NA,Not pest,セイタカアワダチソウヒゲナガアブラムシ,Hemiptera,Sternorrhyncha,Aphididae,1991,NA,Leaf,Nearctic,"Yamanaka, 2015"
Uroleucon taraxaci,(Walker),NA,Not pest,タンポポヒゲナガアブラムシ,Hemiptera,Sternorrhyncha,Aphididae,NA,NA,Leaf,NA,"Yamanaka, 2015"
Ceroplastes rubens,Maskell,red wax scale :  red wax scale:pink wax scale,Outdoor:Greenhouse:Tree,ルビーロウムシ,Hemiptera,Sternorrhyncha,Coccidae,1897,NA,Leaf: Fruits (カンキツ),Palearctic(Asia)  Indomalaya  Australasia,"Yamanaka, 2015"
Coccus longulus,(Douglas),long brown scale:long soft scale,Outdoor:Greenhouse:Tree,ナガカタカイガラムシ,Hemiptera,Sternorrhyncha,Coccidae,1895,NA,Leaf (観葉植物): Fruits,Pantropic,"Yamanaka, 2015"
Coccus viridis,(Green),soft green scale,Outdoor:Tree,ミドリカタカイガラムシ,Hemiptera,Sternorrhyncha,Coccidae,1997,NA,Leaf: Fruits (コーヒー、カンキツ),Neotropic,"Yamanaka, 2015"
Eucalymnatus tessellatus,(Signoret),Spotted Gum Lerp Psyllid,Outdoor:Tree,カメノコカタカイガラムシ,Hemiptera,Sternorrhyncha,Coccidae,1917,NA,Leaf (観葉植物？),Pantropic,"Yamanaka, 2015"
Milviscutulus mangiferae,(Green),mango soft scale,Outdoor:Greenhouse:Tree,マンゴーカタカイガラムシ,Hemiptera,Sternorrhyncha,Coccidae,1955,NA,Leaf: Fruits,Indomalaya,"Yamanaka, 2015"
Parasaissetia nigra,(Nietner),nigra scale :  nigra scale,Outdoor:Greenhouse:Tree,クロカタカイガラムシ,Hemiptera,Sternorrhyncha,Coccidae,1895,NA,Leaf: Fruits,Afrotropic,"Yamanaka, 2015"
Parthenolecanium corni,(Bouche),European peach scale: grapevine scale,Outdoor:Tree,ミズキカタカイガラムシ,Hemiptera,Sternorrhyncha,Coccidae,1912,NA,Leaf: Fruits,Palearctic(Asia) Palearctic(Europe),"Yamanaka, 2015"
Parthenolecanium pomeranicum,NA,NA,Tree,イチイカタカイガラムシ,Hemiptera,Sternorrhyncha,Coccidae,1990,NA,Leaf(イチイ),Palearctic(Europe),"Yamanaka, 2015"
Saissetia coffeae,(Walker),hemispharical scale :  hemispherical scale,Outdoor:Greenhouse:Tree,ハンエンカタカイガラムシ,Hemiptera,Sternorrhyncha,Coccidae,1902,NA,Leaf: Fruits (極めて食性が広い),Afrotropic,"Yamanaka, 2015"
Saissetia oleae,(Olivier),black scale :  mediterranean black scale:brown olive scale,Outdoor:Greenhouse,オリーブカタカイガラムシ,Hemiptera,Sternorrhyncha,Coccidae,1900,NA,Leaf: Fruits,Palearctic(Europe) Afrotropic,"Yamanaka, 2015"
Abgrallaspis cyanophylli,(Signoret),NA,Greenhouse,シュロマルカイガラムシ,Hemiptera,Sternorrhyncha,Diaspididae,1907,NA,Leaf: Fruits,Neotropic,"Yamanaka, 2015"
Aonidiella citrina,(Coquillett),NA,Outdoor,キマルカイガラムシ,Hemiptera,Sternorrhyncha,Diaspididae,1911,NA,Leaf: Fruits (カンキツなど樹木),Indomalaya,"Yamanaka, 2015"
Aonidiella comperei,NA,NA,Outdoor:Tree,アカマルカイガラムシ属の一種,Hemiptera,Sternorrhyncha,Diaspididae,2010,NA,Leaf: Fruits,Indomalaya,"Yamanaka, 2015"
Aspidiotus excisus,Green,NA,Outdoor,クサギウスマルカイガラムシ,Hemiptera,Sternorrhyncha,Diaspididae,1993,NA,Leaf: Fruits (極めて食性が広い),Indomalaya,"Yamanaka, 2015"
Chrysomphalus aonidum,(Linnaeus),Florida red scale :  Florida red scale:circular black scale,Outdoor:Greenhouse,アカホシマルカイガラムシ,Hemiptera,Sternorrhyncha,Diaspididae,1900,NA,Leaf: Fruits,Palearctic(Asia)  Indomalaya,"Yamanaka, 2015"
Chrysomphalus dictyospermi,(Morgan),dictyospermum scale,Outdoor:Greenhouse:Tree,オンシツマルカイガラムシ,Hemiptera,Sternorrhyncha,Diaspididae,1954,NA,Leaf: Fruits,Neotropic,"Yamanaka, 2015"
Diaspidiotus perniciosus,(Comstock),San Jose scale,Outdoor:Greenhouse:Tree,ナシマルカイガラムシ,Hemiptera,Sternorrhyncha,Diaspididae,1860,NA,Leaf: Fruits (ナシ・カキなど),Nearctic Palearctic(Asia),"Yamanaka, 2015"
Diaspis boisduvalii,Signoret,orchid scale,Greenhouse,ランシロカイガラムシ,Hemiptera,Sternorrhyncha,Diaspididae,1917,NA,Leaf,Neotropic,"Yamanaka, 2015"
Diaspis bromeliae,(Kerner),pineapple scale :  pineapple scale,Greenhouse,アナナスシロカイガラムシ,Hemiptera,Sternorrhyncha,Diaspididae,1917,NA,Leaf: Fruits (パインアップル),Neotropic,"Yamanaka, 2015"
Diaspis echinocacti,(Bouché),Cactus scale :  cactus scale,Greenhouse,サボテンシロカイガラムシ,Hemiptera,Sternorrhyncha,Diaspididae,1917,NA,Leaf (サボテン),Neotropic,"Yamanaka, 2015"
Fiorinia fioriniae,(Targioni Tozzeti),NA,Greenhouse,コノハカイガラムシ,Hemiptera,Sternorrhyncha,Diaspididae,NA,NA,Leaf: Fruits (アボガド・観葉植物など多様),Indomalaya,"Yamanaka, 2015"
Gymnaspis aechmeae,(Signoret),flyspeck scale,Greenhouse,アナナスクロホシカイガラムシ,Hemiptera,Sternorrhyncha,Diaspididae,NA,NA,Leaf: Fruits (パインアップル),Palearctic(Asia)  Indomalaya,"Yamanaka, 2015"
Hemiberlesia palmae,(Cockerell),"the tropical palm scale, syn(Dynaspidiotus palmae)",Greenhouse,ジャワマルカイガラムシ,Hemiptera,Sternorrhyncha,Diaspididae,1963,NA,Leaf: Fruits (極めて食性が広い),Indomalaya,"Yamanaka, 2015"
Kuwanaspis howardi,Cooley,NA,Tree,ハワードシロナガカイガラムシ,Hemiptera,Sternorrhyncha,Diaspididae,NA,NA,Leaf (竹の子),Palearctic(Asia),"Yamanaka, 2015"
Lepidosaphes beckii,(Newman),purple scale :  purple scale:mussel scale,Outdoor,ミカンカキカイガラムシ,Hemiptera,Sternorrhyncha,Diaspididae,1902,NA,Leaf: Fruits (マンゴ),Palearctic(Asia),"Yamanaka, 2015"
Lepidosaphes cupressi,Borchsenius,NA,Outdoor:Tree,カキノキカキカイガラムシ（広葉樹寄生型）,Hemiptera,Sternorrhyncha,Diaspididae,1962,NA,Leaf: Fruits (ヤマモモなど極めて広食),Palearctic(Asia),"Yamanaka, 2015"
Lepidosaphes　tokionis,(Kuwana),NA,Tree,クロトンカキカイガラムシ,Hemiptera,Sternorrhyncha,Diaspididae,1900,NA,NA,Indomalaya,"Yamanaka, 2015"
Lepidosaphes ulmi,(Linnaeus),oyster-shell scale :  oystershell scale:mussel scale:apple mussel scale,Outdoor:Tree,リンゴカキカイガラムシ,Hemiptera,Sternorrhyncha,Diaspididae,1872,NA,Leaf: Fruits (バラ科),Palearctic(Europe),"Yamanaka, 2015"
Melanaspis obscura,(Meyrick),NA,Tree,カシクロマルカイガラムシ,Hemiptera,Sternorrhyncha,Diaspididae,1985,NA,Leaf: (カシ),Nearctic,"Yamanaka, 2015"
Morganella longispina,(Morgan),plumose scale,Outdoor:Greenhouse:Tree,イチジクマルカイガラムシ,Hemiptera,Sternorrhyncha,Diaspididae,1951,NA,Leaf: Fruits (マンゴ),Palearctic(Asia),"Yamanaka, 2015"
Parlatoria proteus,(Curtis),proteus scale: cattleya scale:orchid scale,Outdoor:Greenhouse,ナガクロホシカイガラムシ,Hemiptera,Sternorrhyncha,Diaspididae,NA,NA,Leaf (観葉植物),Indomalaya,"Yamanaka, 2015"
Parlatoria ziziphi,(Lucas),European fruit lecanium: plum scale (Australia): brown scale: peach scale: Mediterranean scale :  black parlatoria scale: citrus scale:Mediterranean scale,Outdoor,ヒメクロカイガラムシ,Hemiptera,Sternorrhyncha,Diaspididae,NA,NA,Leaf: Fruits (カンキツ・カラタチ),Indomalaya,"Yamanaka, 2015"
Pseudoparlatoria parlatorioides,(Comstock),Scale insect :  false parlatoria scale,Greenhouse,ランウスマルカイガラムシ,Hemiptera,Sternorrhyncha,Diaspididae,NA,NA,Leaf (ラン): Fruits (桃),Neotropic,"Yamanaka, 2015"
Unaspis yanonensis,(Kuwana),NA,Outdoor,ヤノネカイガラムシ,Hemiptera,Sternorrhyncha,Diaspididae,1907,NA,Leaf: Fruits (カンキツ),Indomalaya,"Yamanaka, 2015"
Eriococcus coccineus,Cockerell,cactus felt scale: cactus mealybug,Greenhouse,サボテンフクロカイガラムシ,Hemiptera,Sternorrhyncha,Eriococcidae,1922,NA,Leaf (サボテン),Neotropic,"Yamanaka, 2015"
Kermes galliformis,(Heymons),NA,Tree,ピンオークタマカイガラムシ,Hemiptera,Sternorrhyncha,Kermestidae,1985,NA,Leaf: (カシ),Nearctic,"Yamanaka, 2015"
Icerya purchasi,(Maskell),Cottony cushion scale :  cottony-cushion scale:fluted scale,Outdoor:Greenhouse:Tree,イセリアカイガラムシ,Hemiptera,Sternorrhyncha,Margarodidae,1911,NA,Leaf: Fruits (カンキツ),Nearctic Australasia,"Yamanaka, 2015"
Icerya seychellarum,(Westwood),NA,Outdoor:Greenhouse:Tree,キイロワタフキカイガラムシ,Hemiptera,Sternorrhyncha,Margarodidae,1907,NA,Leaf: Fruits (ソテツ・ツバキ),Indomalaya,"Yamanaka, 2015"
Aphanostigma iaksuiense,Theobald,NA,Outdoor,キナコネアブラムシ,Hemiptera,Sternorrhyncha,Phylloxeridae,1981,NA,Leaf,NA,"Yamanaka, 2015"
Moritziella castaneivora,Scopoli,NA,Outdoor,クリイガアブラムシ,Hemiptera,Sternorrhyncha,Phylloxeridae,1970,NA,Leaf: (クリ),NA,"Yamanaka, 2015"
Viteus vitifolii,NA,NA,Outdoor,ブドウネアブラムシ,Hemiptera,Sternorrhyncha,Phylloxeridae,1885,NA,Leaf: Fruits,Nearctic,"Yamanaka, 2015"
Antonina graminis,(maskell),Rhodesgrass scale :  Rhodes grass mealybug,Greenhouse,チガヤシロオカイガラムシ,Hemiptera,Sternorrhyncha,Pseudococcidae,1971,NA,Leaf (シバ),Palearctic(Asia) Palearctic(Europe) Afrotropic,"Yamanaka, 2015"
Hypogeococcus spinosus,Ferris,NA,Greenhouse,サボテンコナカイガラムシ,Hemiptera,Sternorrhyncha,Pseudococcidae,1969,NA,Leaf (サボテン),Nearctic  Neotropic,"Yamanaka, 2015"
Phenacoccus avenae,NA,NA,Greenhouse,キュウコンコナカイガラムシ,Hemiptera,Sternorrhyncha,Pseudococcidae,2002,NA,Root (スイセンなど),Palearctic(Asia),"Yamanaka, 2015"
Phenacoccus madeirensis,Green,Mexican mealybug :  Madeira mealybug,Greenhouse:Tree,マディラコナカイガラムシ,Hemiptera,Sternorrhyncha,Pseudococcidae,NA,NA,Leaf (野菜花卉類),Pantropic,"Yamanaka, 2015"
Phenacoccus solani,Ferris,solanum mealybug :  solanum mealybug,Greenhouse,ナスコナカイガラムシ,Hemiptera,Sternorrhyncha,Pseudococcidae,2000,NA,Leaf: Fruits (ピーマン・ナスなど),Nearctic  Neotropic,"Yamanaka, 2015"
Phenacoccus solenopsis,NA,NA,Greenhouse,クロテンコナカイガラムシ,Hemiptera,Sternorrhyncha,Pseudococcidae,2013,NA,Leaf: Fruits (ピーマン・ミニトマトなど),Nearctic  Neotropic,"Yamanaka, 2015"
Planococcus citri,(Risso),Citrus mealybug :  citrus mealybug,Outdoor:Greenhouse:Tree,ミカンコナカイガラムシ,Hemiptera,Sternorrhyncha,Pseudococcidae,1917,NA,Leaf (主に観葉植物),Cosmopolitan,"Yamanaka, 2015"
Pseudococcus longispinus,(Targioni-Tozzetti),Long-tailed mealybug :  long-tailed mealybug,Outdoor:Greenhouse,ナガオコナカイガラムシ,Hemiptera,Sternorrhyncha,Pseudococcidae,1917,NA,Leaf (主に観葉植物),Pantropic,"Yamanaka, 2015"
Rhizoecus cacticans,(Hambleton),cacticans mealybug,Greenhouse,サボテンネコナカイガラムシ,Hemiptera,Sternorrhyncha,Pseudococcidae,1971,NA,Leaf (サボテン),Neotropic,"Yamanaka, 2015"
Cacopsylla biwa,NA,NA,Outdoor,ビワキジラミ,Hemiptera,Sternorrhyncha,Psyllidae,2012,NA,Leaf: Fruits (ビワ),Palearctic(Asia),"Yamanaka, 2015"
Cacopsylla chinensis,Stach,NA,Outdoor,チュウゴクナシキジラミ,Hemiptera,Sternorrhyncha,Psyllidae,2011,NA,Leaf: Fruits (ナシ害虫),Palearctic(Asia)  Palearctic(Europe),"Yamanaka, 2015"
Longistiguma liquidambarus,NA,NA,Tree,フウナガマダラオオアブラムシ,Hemiptera,Sternorrhyncha,Psyllidae,1990,NA,Leaf (フウ・モミジバフウ),Indomalaya,"Yamanaka, 2015"
Microceropsylla nigra,(Crowford),NA,Greenhouse,マンゴーキジラミ,Hemiptera,Sternorrhyncha,Psyllidae,2011,NA,Leaf (マンゴー),Indomalaya,"Yamanaka, 2015"
Eupteryx　decemnotata,Rey,NA,Greenhouse: Outdoor,Eupteryx decemnotata,Hemiptera,NA,Cicadellidae,2016,NA,NA,Palearctic(Europe),"Yamanaka, 2015"
Aneristus ceroplastae,(Fitch),NA,BiolAge,Aneristus ceroplastae,Hymenoptera,NA,Aphelinidae,1932,I,Insect,Indomalaya,"Yamanaka, 2015"
Aphelinus mali,(Haldeman),NA,BiolAge,ワタムシヤドリコバチ,Hymenoptera,NA,Aphelinidae,1932,I,Insect,Nearctic,"Yamanaka, 2015"
Aphytis yanonensis,DeBach and Rosen,NA,BiolAge,ヤノネキイロコバチ,Hymenoptera,NA,Aphelinidae,1980,I,Insect,Palearctic(Asia),"Yamanaka, 2015"
Coccobius fulvus,(Morrill),syn(Physcus fulvus),BiolAge,ヤノネツヤコバチ,Hymenoptera,NA,Aphelinidae,1980,I,Insect,Palearctic(Asia),"Yamanaka, 2015"
Encarsia formosa,(Gahan),NA,BiolAge,オンシツツヤコバチ,Hymenoptera,NA,Aphelinidae,1975,I,Insect,Neotropic,"Yamanaka, 2015"
Encarsia smithi,(Silvestri),NA,BiolAge,シルベストリコバチ,Hymenoptera,NA,Aphelinidae,1925,I,Insect,Palearctic(Asia)  Indomalaya,"Yamanaka, 2015"
Bombus terrestris,Ferris,NA,Not pest (Intentional),セイヨウオオマルハナバチ,Hymenoptera,NA,Apidae,1997,I,Other,Palearctic(Europe),"Yamanaka, 2015"
Xylocopa tranquebarorum,(Cockerell),NA,Unknown,タイワンタケクマバチ,Hymenoptera,NA,Apidae,2007,NA,Other,Indomalaya,"Yamanaka, 2015"
Cephalonomia gallicola,(Ashmead),NA,Not pest (Predator),シバンムシアリガタバチ,Hymenoptera,NA,Bethylidae,1971,NA,Insect,Nearctic  Palearctic(Europe),"Yamanaka, 2015"
Praestochrysis shanghaiensis,Smith,syn (Chrysis shanghaiensis),Not pest (Predator),イラガセイボウ,Hymenoptera,NA,Chrysididae,1914,NA,Insect,Palearctic(Asia),"Yamanaka, 2015"
Dryocosmus kuriphilus,Yasumatsu,Chestnut gall wasp,Outdoor,クリタマバチ,Hymenoptera,NA,Cynipidae,1941,NA,Leaf: (クリ),Palearctic(Asia),"Yamanaka, 2015"
Anicetus beneficus,(Say),NA,Not pest (Predator),ルビーアカヤドリトビコバチ,Hymenoptera,NA,Encyrtidae,1941,NA,Insect,Palearctic(Asia)  China,"Yamanaka, 2015"
Eupelmus sp.,(Blamchard),NA,Not pest (Predator),Eupelmus sp.和名なし,Hymenoptera,NA,Eupelmidae,1997,NA,Insect,NA,"Yamanaka, 2015"
Bruchophagus gibbus,(Boheman),NA,Outdoor,クローバータネコバチ,Hymenoptera,NA,Eurytomidae,1912,NA,Seeds (クローバー),Palearctic(Asia),"Yamanaka, 2015"
Brachymyrmex sp.1,-,NA,Sanit,クロコツブアリ,Hymenoptera,NA,Formicidae,2002,NA,Insect: Seeds: DryA,unknown,"Yamanaka, 2015"
Camponotus　ogasawarensis,Terayama & Satoh,NA,Sanit,オガサワラオオアリ,Hymenoptera,NA,Formicidae,NA,NA,NA,Paleartic(Asia) (Ogasawara),"Yamanaka, 2015"
Camponotus　shohki,Terayama,NA,Sanit,アカヒラズオオアリ,Hymenoptera,NA,Formicidae,NA,NA,NA,Paleartic(Asia) (Okinawa),"Yamanaka, 2015"
Cardiocondyla　obscurior,Wheeler,NA,Sanit,キイロハダカアリ,Hymenoptera,NA,Formicidae,NA,NA,NA,Indomalaya,"Yamanaka, 2015"
Cardiocondyla　sp.A,NA,NA,Sanit,トゲハダカアリ,Hymenoptera,NA,Formicidae,NA,NA,NA,Indomalaya,"Yamanaka, 2015"
Cardiocondyla　sp.B,NA,NA,Sanit,カドハダカアリ,Hymenoptera,NA,Formicidae,NA,NA,NA,Indomalaya,"Yamanaka, 2015"
Hypoponera bondroiti,(Forel),NA,Sanit,トビニセハリアリ,Hymenoptera,NA,Formicidae,1988,NA,Insect: Seeds: DryA,Pantropic,"Yamanaka, 2015"
Hypoponera nubatama,NA,NA,Sanit,クロニセハヤアリ,Hymenoptera,NA,Formicidae,NA,NA,Insect: Seeds: DryA,Paleartic(Asia) (Okinawa)  Indomalaya,"Yamanaka, 2015"
Linepithema humile,Mayr,Argentine ant,Sanit,アルゼンチンアリ,Hymenoptera,NA,Formicidae,1993,NA,Insect: Seeds: DryA,Neotropic,"Yamanaka, 2015"
Monomorium chinense,NA,NA,Sanit,クロヒメアリ,Hymenoptera,NA,Formicidae,NA,NA,Insect: Seeds: DryA,Indomalaya  Palearctic(Asia)  China,"Yamanaka, 2015"
Monomorium floricola,(Jerdon),NA,Sanit,フタイロヒメアリ,Hymenoptera,NA,Formicidae,NA,NA,Insect: Seeds: DryA,Indomalaya,"Yamanaka, 2015"
Monomorium pharaonis,Linnaeus,Pharaoh's ant,Sanit,イエヒメアリ,Hymenoptera,NA,Formicidae,1930,NA,Insect: Seeds: DryA,Afrotropic,"Yamanaka, 2015"
Ochetellus glaber,Mayr,NA,Sanit,ルリアリ,Hymenoptera,NA,Formicidae,NA,NA,Insect: Seeds: DryA,Indomalaya,"Yamanaka, 2015"
Odontomachus　monticola,Emery,NA,Sanit,アギトアリ,Hymenoptera,NA,Formicidae,NA,NA,NA,NA,"Yamanaka, 2015"
Paratrechina amia,Mayr,syn (P. bourbonica),Sanit,ケブカアメイロアリ,Hymenoptera,NA,Formicidae,NA,NA,Insect: Seeds: DryA,Okinawa  Palearctic(Asia),"Yamanaka, 2015"
Paratrechina longicornis,(Latreille),crazy ant,Sanit,ヒゲナガアメイロアリ,Hymenoptera,NA,Formicidae,1928,NA,Insect: Seeds: DryA,Afrotropic  Indomalaya,"Yamanaka, 2015"
Pheidole fervens,NA,NA,Sanit,ミナミオオズアリ,Hymenoptera,NA,Formicidae,NA,NA,Insect: Seeds: DryA,NA,"Yamanaka, 2015"
Pheidole indica,Mayr,NA,Sanit,インドオオズアリ,Hymenoptera,NA,Formicidae,NA,NA,Insect: Seeds: DryA,Okinawa  Palearctic(Asia),"Yamanaka, 2015"
Pristomyrmex　punctatus,Mayr,NA,Sanit,アミメアリ,Hymenoptera,NA,Formicidae,NA,NA,NA,Indomalaya,"Yamanaka, 2015"
Pyramica membranifera,(Emery),syn (Trichoscapa membranifera),Sanit,トカラウロコアリ,Hymenoptera,NA,Formicidae,NA,NA,Insect: Seeds: DryA,Afrotropic,"Yamanaka, 2015"
Tapinoma melanocephalum,(Fabricius),NA,Sanit,アワテコヌカアリ,Hymenoptera,NA,Formicidae,1927,NA,Insect: Seeds: DryA,Indomalaya,"Yamanaka, 2015"
Technomyrmex brunneus,NA,NA,Sanit,NA,Hymenoptera,NA,Formicidae,NA,NA,Detritivore,Paleartic(Asia),"Yamanaka, 2015"
Tetramorium bicarinatum,Nylander,NA,Sanit,オオシワアリ,Hymenoptera,NA,Formicidae,NA,NA,Insect: Seeds: DryA,Indomalaya,"Yamanaka, 2015"
Bathyplectes anurus,(Thomson),NA,BiolAge,ヨーロッパトビチビアメバチ,Hymenoptera,NA,Ichneumonidae,1989,I,Insect,Nearctic  Palearctic(Europe),"Yamanaka, 2015"
Megachile ainu,Fabricius,syn (Megachile rotundata),Sanit,アルファルファハキリバチ,Hymenoptera,NA,Megachilidae,1980,I,Insect,Palearctic(Asia) Palearctic(Europe),"Yamanaka, 2015"
Osmia submicans,Morawitz,NA,Sanit,ムラカミツツハナバチ,Hymenoptera,NA,Megachilidae,2011,NA,Insect: Seeds,Palearctic(Europe),"Yamanaka, 2015"
Platygaster robiniae,NA,NA,Sanit,ハリエンジュハベリマキタマバエの寄生蜂,Hymenoptera,NA,Platygastridae,2003,NA,Insect,Palearctic(Asia)  Palearctic(Europe)  Nearctic,"Yamanaka, 2015"
Sapyga coma,NA,NA,Sanit,チョウセンホソミコバチ,Hymenoptera,NA,Sapygidae,2005,NA,Insect,Palearctic(Asia),"Yamanaka, 2015"
Ampulex amoena,(Uhler),syn (Ampulex dissector),Sanit,セナガアナバチ,Hymenoptera,NA,Sphecidae,NA,NA,Insect,Indomalaya,"Yamanaka, 2015"
Sceliphron caementarium,(Drury),mud-dauber,Sanit,アメリカジガバチ,Hymenoptera,NA,Sphecidae,1945,NA,Insect,Nearctic  Neotropic,"Yamanaka, 2015"
Sceliphron deforme deforme,NA,syn (Hensenia deforme deforme),Sanit,モンキジガバチ沖縄亜種・タイワンモンキジカバチ,Hymenoptera,NA,Sphecidae,NA,NA,Insect,Paleartic(Asia),"Yamanaka, 2015"
Caliroa cerasi,(Linnaeus),pear sawfly,Outdoor:Tree,オウトウナメクジハバチ,Hymenoptera,NA,Tenthredinidae,1914,NA,Leaf: Fruits (桃),Palearctic(Asia)  Palearctic(Europe),"Yamanaka, 2015"
Torymus sinensis,(Haldemann),NA,BioAge,チュウゴクオナガコバチ,Hymenoptera,NA,Torymidae,1981,I,BiolAge,Palearctic(Asia),"Yamanaka, 2015"
Delta esuriens okinawae,NA,NA,Sanit,クロスジスズバチ琉球亜種・クロスジスズバチ,Hymenoptera,NA,Vespidae,NA,NA,Insect,Paleartic(Asia),"Yamanaka, 2015"
Tachypompilus analis,NA,NA,Sanit,ツマアカベッコウ,Hymenoptera,NA,Vespidae,1964,NA,Insect,Indomalaya,"Yamanaka, 2015"
Vespa velutina,NA,NA,Sanit,ツマアカスズメバチ,Hymenoptera,NA,Vespidae,2012,NA,Insect,Palearctic(Asia),"Yamanaka, 2015"
Cryptotermes brevis,(Walker),West Indian drywood termite,Timber,ニシインドカンザイシロアリ,Isoptera,NA,Kalotermitidae,2009,NA,Wood,Neotropic,"Yamanaka, 2015"
Incisitermes minor,(Hagen),western drywood termite :  Western drywood termite,Timber,アメリカカンザイシロアリ,Isoptera,NA,Kalotermitidae,1975,NA,Wood,Nearctic,"Yamanaka, 2015"
Coptotermes formosanus,Shiraki,Soil-nesting termite :  Formosan subterranean termite,Outdoor:Timber,イエシロアリ,Isoptera,NA,Rhinotermitidae,NA,NA,Wood,Indomalaya,"Yamanaka, 2015"
Reticulitermes kanmonensis,Takematsu,NA,Timber,カンモンシロアリ,Isoptera,NA,Rhinotermitidae,1901,NA,Wood,Indomalaya,"Yamanaka, 2015"
Zootermopsis angusticollis,(Hagen),American common damp-wood termite,Timber,アメリカオオシロアリ,Isoptera,NA,Termopsidae,1981,NA,Wood,Nearctic,"Yamanaka, 2015"
Zootermopsis nevadensis,NA,NA,Timber,ネバダオオシロアリ,Isoptera,NA,Termopsidae,1999,NA,Wood,Nearctic,"Yamanaka, 2015"
Hyphantria cunea,(Drury),NA,Outdoor:Greenhouse:Tree,アメリカシロヒトリ,Lepidoptera,NA,Arctiidae,1945,NA,Leaf,Nearctic,"Yamanaka, 2015"
Anatrachyntis rileyi,NA,NA,Stored,トウモロコシトガリホソガ,Lepidoptera,NA,Cosmopterigidae,1996,NA,Seeds,NA,"Yamanaka, 2015"
Pectinophora gossypiella,(Saunders),cotton boll-worm :  pink bollworm,Outdoor,ワタアカミムシガ,Lepidoptera,NA,Gelechiidae,NA,NA,Leaf,Australasia Indomalaya,"Yamanaka, 2015"
Phthorimaea operculella,(Zeller),tobacco splitworm :  potato tuberworm:potato tubermoth,Outdoor:Greenhouse,ジャガイモキバガ,Lepidoptera,NA,Gelechiidae,1954,NA,Leaf,Neotropic,"Yamanaka, 2015"
Sitotroga cerealella,(Olivier),Angoumois grain moth :  Angoumois grain moth:grain moth,Stored,バクガ,Lepidoptera,NA,Gelechiidae,1889,NA,Seeds,Pantropic,"Yamanaka, 2015"
Milionia basalis pryeri,NA,NA,Outdoor,キオビエダシャク,Lepidoptera,NA,Geometridae,1942,NA,Leaf,Paleartic(Asia),"Yamanaka, 2015"
Thymelicus lineola,(Ochsenheimer),The Essex Skipper,Outdoor,カラフトセセリ,Lepidoptera,NA,Hesperiidae,1999,NA,Leaf(イネ科牧草),Palearctic(Asia)  Palearctic(Europe),"Yamanaka, 2015"
Asota ficus,NA,NA,Outdoor,イチジクヒトリモドキ,Lepidoptera,NA,Hypsidae,1999,NA,Leaf,Paleartic(Asia),"Yamanaka, 2015"
Lebeda nobilis,NA,NA,Outdoor,ムラクモカレハ,Lepidoptera,NA,Lasiocampidae,2003,NA,Leaf,NA,"Yamanaka, 2015"
Parasa lepida,(Cramer),NA,Outdoor:Greenhouse:Tree,ヒロヘリアオイラガ,Lepidoptera,NA,Limacodidae,1921,NA,Leaf,Indomalaya,"Yamanaka, 2015"
Chilades pandava,(Horsfield),NA,Not pest,クロマダラソテツシジミ,Lepidoptera,NA,Lycaenidae,2008,NA,Leaf,Indomalaya,"Yamanaka, 2015"
Tongeia filicaudis,(Pryer),NA,Not pest,ムシャクロツバメ,Lepidoptera,NA,Lycaenidae,2013,NA,Leaf,Indomalaya  Palearctic(Asia),"Yamanaka, 2015"
Autographa gamma,NA,NA,Outdoor:Greenhouse,ガマキンウワバ,Lepidoptera,NA,Noctuidae,1962,NA,Leaf,Palearctic(Asia)  Palearctic(Europe),"Yamanaka, 2015"
Helicoverpa armigera,NA,NA,Outdoor:Greenhouse,オオタバコガ,Lepidoptera,NA,Noctuidae,1994,NA,Leaf: Fruits (様々な果物野菜を加害),NA,"Yamanaka, 2015"
Peridroma saucia,(Hubner),NA,Outdoor:Greenhouse,ニセタマナヤガ,Lepidoptera,NA,Noctuidae,1976,NA,Leaf: Fruits (様々な果物野菜を加害),Neotropic,"Yamanaka, 2015"
Spodoptera cilium,NA,NA,Greenhouse,クシナシスジキリヨトウ,Lepidoptera,NA,Noctuidae,1999,NA,Leaf (芝),Paleartic(Asia),"Yamanaka, 2015"
Hestina assimilis,(Linnaeus),NA,Tree,アカボシゴマダラ,Lepidoptera,NA,Nymphalidae,1995,I,Leaf,Palearctic(Asia),"Yamanaka, 2015"
Martyringa xeraula,(Meyrick),syn (Anchonoma xaraula),Stored,コクマルハキバガ,Lepidoptera,NA,Oecophoridae,NA,NA,Seeds,Palearctic(Asia)  Palearctic(Europe)  Indomalaya,"Yamanaka, 2015"
Sericinus montela,(Hausmann),NA,Not pest,ホソオアゲハ,Lepidoptera,NA,Papilionidae,1979,I,Leaf(ウマノスズクサ),Palearctic(Asia),"Yamanaka, 2015"
Pieris brassicae,NA,NA,Outdoor,オオモンシロチョウ,Lepidoptera,NA,Pieridae,1995,NA,Leaf,Palearctic(Asia)  Palearctic(Europe),"Yamanaka, 2015"
Pieris rapae,(Linnaeus),cabbage-butterfly: syn (Pieris rapae crucivora),Outdoor,モンシロチョウ,Lepidoptera,NA,Pieridae,NA,NA,Leaf,Palearctic(Asia)  Palearctic(Europe),"Yamanaka, 2015"
Pontia daplidice,NA,NA,Outdoor,チョウセンシロチョウ,Lepidoptera,NA,Pieridae,1929,NA,Leaf(モクセイソウ科，アブラナ科),Palearctic(Asia)  Palearctic(Europe),"Yamanaka, 2015"
Eumeta japonica,NA,syn (Eumeta variegata),Outdoor:Greenhouse:Tree,オオミノガ,Lepidoptera,NA,Psychidae,NA,NA,Leaf,Palearctic(Asia),"Yamanaka, 2015"
Stenoptilia zophodactylus,(Duponchel),NA,Greenhouse,キキョウトリバ,Lepidoptera,NA,Pterophoridae,1975,NA,Leaf,Neotropic Afrotropic Indomalaya,"Yamanaka, 2015"
Aglossa dimidiata,NA,NA,Stored,コメシマメイガ,Lepidoptera,NA,Pyralidae,NA,NA,Seeds,Palearctic(Asia)  Indomalaya,"Yamanaka, 2015"
Cadra cautella,(Walker),syn (Ephestia cautella): almond moth,Stored,スジマダラメイガ,Lepidoptera,NA,Pyralidae,1958,NA,Seeds,Palearctic(Europe),"Yamanaka, 2015"
Crocidolomia　pavonana,(Fabricius),NA,Outdoor,ケブカノメイガ,Lepidoptera,NA,Pyralidae,1990,NA,NA,Indomalaya,"Yamanaka, 2015"
Doloessa viridis,NA,NA,Outdoor,ミドリツヅリガ,Lepidoptera,NA,Pyralidae,NA,NA,Seeds: Roots (イモ・貯穀害虫),Indomalaya,"Yamanaka, 2015"
Ephestia elutella,(Hübner),chocolate moth,Stored,チャマダラメイガ,Lepidoptera,NA,Pyralidae,NA,NA,Seeds,Palearctic(Europe),"Yamanaka, 2015"
Ephestia kuehniella,Zeller,Mediterranean flour moth :  Mediterranean flour moth,Stored,スジコナマダラメイガ,Lepidoptera,NA,Pyralidae,1923,NA,Seeds,Neotropic,"Yamanaka, 2015"
Margaritia sticticalis,Buhl,NA,Outdoor:Greenhouse:Tree,ヘリキスジノメイガ,Lepidoptera,NA,Pyralidae,2008,NA,Leaf,Palearctic(Asia)  Palearctic(Europe)  Nearctic,"Yamanaka, 2015"
Paralipsa gularis,(Zeller),stored nut moth,Stored,ツヅリガ,Lepidoptera,NA,Pyralidae,NA,NA,Seeds,Indomalaya,"Yamanaka, 2015"
Parapediasia teterrella,(Linnaeus),syn (Parapediasia teterella),Greenhouse,シバツトガ,Lepidoptera,NA,Pyralidae,1968,NA,Leaf (芝),Nearctic Neotropic,"Yamanaka, 2015"
Plodia interpunctella,(Hübner),Indian meal moth :  Indian meal moth,Outdoor:Stored,ノシメマダラメイガ,Lepidoptera,NA,Pyralidae,1917,NA,Seeds,Neotropic,"Yamanaka, 2015"
Pyralis farinalis,(Linnaeus),NA,Stored,カシノシマメイガ,Lepidoptera,NA,Pyralidae,1910,NA,Seeds,Cosmopolitan,"Yamanaka, 2015"
Scirpophaga incertulas,(Walker),NA,Outdoor,イッテンオオメイガ(サンカメイガ),Lepidoptera,NA,Pyralidae,1877,NA,Leaf,Indomalaya,"Yamanaka, 2015"
Sinibotys butleri,(South),syn (Sinibotys butler),Tree,キモンホソバノメイガ,Lepidoptera,NA,Pyralidae,2007,NA,Leaf (竹),Palearctic(Asia),"Yamanaka, 2015"
Synanthedon tipuliforme,(Clerck),Currant Borer Moth: syn (Synanthedon tipuliformis),Outdoor,スグリコスカシバ,Lepidoptera,NA,Sesiidae,2005,NA,Leaf,Palearctic(Europe),"Yamanaka, 2015"
Acherontia lachesis,NA,NA,Outdoor:Greenhouse,クロメンガタスズメ,Lepidoptera,NA,Sphingidae,1985,NA,Leaf,Paleartic(Asia),"Yamanaka, 2015"
Nemapogon granella,(Linnaeus),European grain moth:corn moth:mottled grain moth,Outdoor:Stored,コクガ,Lepidoptera,NA,Tineidae,NA,NA,Seeds,Palearctic(Asia),"Yamanaka, 2015"
Opogona sacchari,(Bojer),Banana Moth,Outdoor,クロテンオオメンコガ,Lepidoptera,NA,Tineidae,1986,NA,Leaf: Fruits (サツマイモからパッションフルーツまで広食),Afrotropic,"Yamanaka, 2015"
Tinea translucens,(YangAnd Li),NA,Stored,イガ,Lepidoptera,NA,Tineidae,1889,NA,DryA,Indomalaya,"Yamanaka, 2015"
Tineola bisselliella,(Hummel),Webbing Clothes Moth: Carpet Moth,Stored,コイガ,Lepidoptera,NA,Tineidae,NA,NA,DryA,Palearctic(Europe),"Yamanaka, 2015"
Trichophaga tapetzella,(Linnaeus),NA,Stored,ジュウタンガ,Lepidoptera,NA,Tineidae,NA,NA,DryA,Palearctic(Europe),"Yamanaka, 2015"
Grapholita dimorpha,NA,NA,Outdoor:Tree,スモモヒメシンクイ,Lepidoptera,NA,Tortricidae,NA,NA,Fruits,Palearctic(Asia),"Yamanaka, 2015"
Grapholita molesta,NA,NA,Outdoor:Tree,ナシヒメシンクイ,Lepidoptera,NA,Tortricidae,1868,NA,Fruits,Palearctic(Asia)  Palearctic(Europe),"Yamanaka, 2015"
Spilonota lechriaspis,NA,NA,Outdoor:Tree,リンゴハイイロヒメハマキ,Lepidoptera,NA,Tortricidae,1941,NA,Leaf: Fruits,Palearctic(Asia),"Yamanaka, 2015"
Plutella xylostella,NA,NA,Outdoor:Greenhouse,コナガ,Lepidoptera,NA,Yponmeutidae,NA,NA,Leaf,Palearctic(Asia)  Palearctic(Europe),"Yamanaka, 2015"
Damalinia bovis,NA,NA,Sanit,ウシハジラミ,Mallophage,NA,Linognathidae,NA,NA,Animal,Cosmopolitan,"Yamanaka, 2015"
Solenopotes capillatus,NA,NA,Sanit,ケブカウシジラミ,Mallophage,NA,Linognathidae,1944,NA,Animal,Cosmopolitan,"Yamanaka, 2015"
Hierodula venosa,NA,NA,Not pest (Predator),ムネアカハラビロカマキリ,Mantodea,NA,Mantidae,2005,NA,Insect,Palearctic(Asia),"Yamanaka, 2015"
Tenodera angustipennis,NA,NA,Not pest (Predator),チョウセンカマキリ,Mantodea,NA,Mantidae,NA,NA,Insect,Palearctic (Asia),"Yamanaka, 2015"
Truljalia hibinonis,NA,NA,Outdoor:Tree,アオマツムシ,Orthoptera,NA,Eneopteridae,1898,NA,Seeds: Leaf,Palearctic(Asia),"Yamanaka, 2015"
Acheta domestica,(Linnaeus),House Cricket,Not pest,イエコオロギ,Orthoptera,NA,Gryllidae,NA,NA,Seeds: Leaf,Palearctic(Europe),"Yamanaka, 2015"
Gryllodes supplicans,(F. Walker),syn (Gryllodes sigillatus): European mole cricket,Not pest,カマドコオロギ,Orthoptera,NA,Gryllidae,1717,NA,Seeds: Leaf,Indomalaya,"Yamanaka, 2015"
Metiochodes genji,Furukawa,NA,Not pest,ウスグモスズ,Orthoptera,NA,Gryllidae,1966,NA,Seeds: Leaf,Palearctic(Asia),"Yamanaka, 2015"
Teleogryllus commodus,NA,NA,Outdoor:Greenhouse,コモダスエンマコオロギ,Orthoptera,NA,Gryllidae,1998,NA,Seeds: Leaf,Australasia,"Yamanaka, 2015"
Tachycines asynamorus,(Fabricius),syn (Diestrammena asynamora),Not pest,クラズミウマ,Orthoptera,NA,Rhaphidophoridae,1820,NA,Seeds: DryA,Palearctic(Asia),"Yamanaka, 2015"
Homoeoxipha lycoides,(Walker),NA,Not pest,フタイロヒバリ,Orthoptera,NA,Trigonidiidae,NA,NA,Seeds: Leaf,Indomalaya,"Yamanaka, 2015"
Atractomorpha sinensis,NA,NA,Not pest,アカハネオンブバッタ,Orthoptera,NA,NA,2008,NA,Seeds: Leaf,Paleartic(Asia),"Yamanaka, 2015"
Gryllus　bimaculatus,De Geer,NA,Not pest,フタホシコオロギ,Orthoptera,NA,NA,NA,NA,NA,Indomalaya,"Yamanaka, 2015"
Pediculus humanus,De Geer,NA,Sanit,ヒトジラミ,Phthiraptera,NA,Pediculidae,NA,NA,Animal,Cosmopolitan,"Yamanaka, 2015"
Phthirus pubis,(Linnaeus),NA,Sanit,ケジラミ,Phthiraptera,NA,Pthiridae,NA,NA,Animal,Palearctic(Asia),"Yamanaka, 2015"
Liposcelis bostrychophila,(Wallaston),NA,Stored,ヒラタチャタテ,Psocoptera,NA,Liposcelidae,NA,NA,Seeds: DryA,NA,"Yamanaka, 2015"
Liposcelis corrodens,(Heymons),NA,Stored,ウスグロチャタテ,Psocoptera,NA,Liposcelidae,NA,NA,Seeds: DryA,NA,"Yamanaka, 2015"
Liposcelis decolor,(Pearman),syn(Liposcelis simulans),Stored,ホンチャタテ（チャタテの一種名鑑）,Psocoptera,NA,Liposcelidae,NA,NA,Seeds: DryA,Cosmopolitan,"Yamanaka, 2015"
Liposcelis entomophila,(Enderlein),NA,Stored,カツブシチャタテ,Psocoptera,NA,Liposcelidae,NA,NA,Seeds: DryA,NA,"Yamanaka, 2015"
Liposcelis permani,NA,NA,Stored,ソーメンチャタテ（ソウメンチャタテ名鑑）,Psocoptera,NA,Liposcelidae,NA,NA,Seeds: DryA,Palearctic(Asia)  Palearctic(Europe)  Nearctic,"Yamanaka, 2015"
Tapinella africana,NA,NA,Stored,トガリチャタテ,Psocoptera,NA,Pachytroctidae,NA,NA,Seeds: DryA,Afrotropic,"Yamanaka, 2015"
Lepinotus reticulatus,Enderlein,reticulate-winged booklouse,Stored,ツヤコチャタテ,Psocoptera,NA,Trogiidae,NA,NA,Seeds: DryA,Palearctic(Europe),"Yamanaka, 2015"
Trogium pulsatorium,(Linnaeus),Booklice,Stored,コチャタテ,Psocoptera,NA,Trogiidae,NA,NA,Seeds: DryA,NA,"Yamanaka, 2015"
Nosopsyllus fasciatus,NA,NA,Sanit,ヨーロッパネズミノミ,Siphonaptera,NA,Ceratophyllidae,NA,NA,Animal,Cosmopolitan,"Yamanaka, 2015"
Ctenocephalides canis,(Curtis),NA,Sanit,イヌノミ,Siphonaptera,NA,Pulicidae,NA,NA,Animal,Palearctic(Europe),"Yamanaka, 2015"
Ctenocephalides felis,(Bouche),Cat flea,Sanit,ネコノミ,Siphonaptera,NA,Pulicidae,NA,NA,Animal,Cosmopolitan,"Yamanaka, 2015"
Echidnophaga gallinacea,(Westwood),Sticktight flea :  sticktight flea,Sanit,ニワトリフトノミ,Siphonaptera,NA,Pulicidae,NA,NA,Animal,Indomalaya,"Yamanaka, 2015"
Pulex irritans,(Linnaeus),Human flea :  human flea,Sanit,ヒトノミ,Siphonaptera,NA,Pulicidae,NA,NA,Animal,Cosmopolitan,"Yamanaka, 2015"
Xenopsylla cheopis,(Rothschild),Indian rat flea,Sanit,ケオプスネズミノミ,Siphonaptera,NA,Pulicidae,NA,NA,Animal,Afrotropic,"Yamanaka, 2015"
Tunga caecigena,Jordan et Rothschild,NA,Sanit,ネズミスナノミ,Siphonaptera,NA,Tungidae,1949,NA,Animal,Palearctic(Asia),"Yamanaka, 2015"
Halictophagus bipunctatus,NA,NA,Not pest (Predator),フタテンクシヒゲネジレバネ,Strepsiptera,NA,Halictophagidae,NA,NA,Insect,Palearctic(Asia),"Yamanaka, 2015"
Xenos moutoni,LeConte,NA,Not pest (Predator),スズメバチネジレバネ,Strepsiptera,NA,Halictophagidae,NA,NA,Insect,Palearctic(Asia),"Yamanaka, 2015"
Merothrips floridensis,Watson,NA,Not pest (Predator),フロリダメロアザミウマ,Thysanoptera,NA,Merothripidae,1975,NA,Fungus,Neotropic,"Yamanaka, 2015"
Merothrips laevis,(Linaeus),NA,Not pest (Predator),スベスベメロアザミウマ,Thysanoptera,NA,Merothripidae,1971,NA,Fungus,Neotropic,"Yamanaka, 2015"
Ponticulothrips diospyrosi,NA,NA,Outdoor,カキクダアザミウマ,Thysanoptera,NA,Phlaeothripidae,1975,NA,Leaf: Fruits (カキ),NA,"Yamanaka, 2015"
Scopaeothrips unicolor,NA,NA,Greenhouse,サボテンアザミウマ,Thysanoptera,NA,Phlaeothripidae,NA,NA,Leaf (サボテン),NA,"Yamanaka, 2015"
Ayyaria chaetophora,NA,NA,Outdoor,ワタノオビアザミウマ,Thysanoptera,NA,Thripidae,NA,NA,Leaf (綿・ダイズ),Indomalaya,"Yamanaka, 2015"
Dichromothrips　smithi,(Zimmermann),NA,Greenhouse,ランノハナアザミウマ,Thysanoptera,NA,Thripidae,NA,NA,NA,Indomalaya,"Yamanaka, 2015"
Dorcadothrips xanthius,(Williams),NA,Greenhouse,カトレヤアザミウマ,Thysanoptera,NA,Thripidae,1936,NA,Leaf,Neotropic,"Yamanaka, 2015"
Echinothrips americanus,Morgan,NA,Outdoor,モトジロアザミウマ,Thysanoptera,NA,Thripidae,2002,NA,Leaf (ミョウガ),Nearctic,"Yamanaka, 2015"
Frankliniella occidentalis,(Pergande),Western flower thrips :  Western flower thrips,Outdoor:Greenhouse,ミカンキイロアザミウマ,Thysanoptera,NA,Thripidae,1990,NA,Leaf: Fruits (果物・野菜全般),Nearctic,"Yamanaka, 2015"
Heliothrips haemorrhoidalis,(Bouché),greenhouse thrips:glasshouse thrips,Outdoor:Greenhouse:Tree,クロトンアザミウマ,Thysanoptera,NA,Thripidae,1926,NA,Leaf: Fruits (果物・野菜全般),Neotropic,"Yamanaka, 2015"
Hercinothrips femoralis,(Reuter),birch leafmining sawfly,Greenhouse,クリバネアザミウマ,Thysanoptera,NA,Thripidae,1917,NA,Leaf: Fruits (ピーマン・シシトウ),Afrotropic,"Yamanaka, 2015"
Hydatothrips samayunkur,Kudo,NA,Greenhouse,トラフアザミウマ,Thysanoptera,NA,Thripidae,1994,NA,Leaf (マリーゴールド),Neotropic,"Yamanaka, 2015"
Megalurothrips distalis,NA,NA,Outdoor:Greenhouse:Tree,マメハナアザミウマ,Thysanoptera,NA,Thripidae,NA,NA,Leaf (マメ科の花？),Palearctic(Asia)  Indomalaya,"Yamanaka, 2015"
Microcephalothrips abdominalis,(Crawford),composite thrips,Greenhouse,コスモスアザミウマ,Thysanoptera,NA,Thripidae,NA,NA,Leaf (コスモス・マリーゴールド),Neotropic,"Yamanaka, 2015"
Scirtothrips dorsalis,Hood,yellow tea thrips,Outdoor:Greenhouse:Tree,チャノキイロアザミウマ,Thysanoptera,NA,Thripidae,2008,NA,Leaf (チャ、花卉も加害するらしい),Indomalaya,"Yamanaka, 2015"
Selenothrips rubrocinctus,NA,NA,Outdoor:Greenhouse,アカオビアザミウマ,Thysanoptera,NA,Thripidae,1938,NA,Leaf: Fruits (果物・野菜・樹木),Indomalaya,"Yamanaka, 2015"
Taeniothrips inconsequens,Uzel,rice delphacid,Outdoor:Tree,ナシアザミウマ,Thysanoptera,NA,Thripidae,1936,NA,Leaf (バラ科・カエデ科、森林害虫),Palearctic(Asia)  Palearctic(Europe),"Yamanaka, 2015"
Tenothrips frici,NA,NA,Unkown,Tenothrips frici和名なし,Thysanoptera,NA,Thripidae,1997,NA,Leaf (キク科花粉),Palearctic(Europe),"Yamanaka, 2015"
Thrips coloratus,NA,NA,Outdoor:Greenhouse:Tree,ビワハナアザミウマ,Thysanoptera,NA,Thripidae,NA,NA,Leaf (ビワのほか花卉類花粉),Indomalaya,"Yamanaka, 2015"
Thrips hawaiiensis,(Morgan),flower thrips,Greenhouse,ハナアザミウマ,Thysanoptera,NA,Thripidae,NA,NA,Leaf (花卉類花粉),Indomalaya,"Yamanaka, 2015"
Thrips palmi,Karny,Melon thrips :  gladiolus thrips,Outdoor:Greenhouse:Tree,ミナミキイロアザミウマ,Thysanoptera,NA,Thripidae,1978,NA,Leaf (ピーマンのほか花卉類花粉),Indomalaya,"Yamanaka, 2015"
Thrips simplex,(Morison),Gladiolus thrips :  gladiolus thrips,Greenhouse,グラジオラスアザミウマ,Thysanoptera,NA,Thripidae,1986,NA,Leaf (花卉類花粉),Afrotropic,"Yamanaka, 2015"
Thrips tabaci,Lindeman,Tobacco or Onion thrips :  onion thrips:cotton seedling thrips,Outdoor:Greenhouse,ネギアザミウマ,Thysanoptera,NA,Thripidae,1913,NA,Leaf (葱・にんにく、ピーマン),Palearctic(Asia),"Yamanaka, 2015"
Lepisma saccharina,NA,NA,Stored,セイヨウシミ,Thysanura,NA,Lepismatidae,1889,NA,DryA: Animal,Palearctic(Europe),"Yamanaka, 2015"
Thermobia domestica,NA,NA,Stored,マダラシミ,Thysanura,NA,Lepismatidae,1955,NA,DryA: Animal,NA,"Yamanaka, 2015"
Hylurgus ligniperda,NA,NA,NA,NA,Coleoptera,NA,Curculionidae,1935,NA,NA,NA,"Murayama, 1936"
Apriona swainsoni,NA,NA,NA,NA,Coleoptera,NA,Cerambycidae,2021,NA,NA,NA,Etsuko Shoda-Kagaya (personal comm. 2021)
Anoplophora glabripennis,NA,NA,NA,NA,Coleoptera,NA,Cerambycidae,2020,NA,NA,NA,"Akita, 2021"
Reesa vespulae,NA,NA,NA,NA,Coleoptera,NA,Dermestidae,2011,NA,NA,NA,"Takanobu, 2011"
Trissolcus basalis,NA,NA,NA,NA,Hymenoptera,NA,Platygastridae,2014,NA,NA,NA,"Mita, 2014"
Nezara viridula,NA,NA,NA,NA,Hemiptera,NA,Pentatomidae,1879,NA,NA,NA,"Hasegawa, 1954"
