GENUS_SPECIES,Authority,COMMON.NAME,JP NAME,Pest Type,ORDER,SubOrder,FAMILY,Year,Intentional_Release,Host_Group,ORIGIN,Source
Blattella germanica,(Linnaeus),German cockroach,チャバネゴキブリ,Stored: Sanit,Blattodea,NA,Blattellidae,1750,NA,DryA: Seeds: Detritivore,Afrotropic,"Yamanaka, 2015"
Lobopterella dimidiatipes,(Bolivar),NA,フタテンコバネゴキブリ,Stored: Sanit,Blattodea,NA,Blattellidae,1955,NA,DryA: Seeds: Detritivore,Indomalaya Oceania,"Yamanaka, 2015"
Neostylopyga rhombifolia,(Ståll),NA,イエゴキブリ,Stored: Sanit,Blattodea,NA,Blattidae,1939,NA,DryA: Seeds: Detritivore,Palearctic(Asia) Indomalaya,"Yamanaka, 2015"
Periplaneta americana,(Linneaus),American cockroach :  American cockroach,ワモンゴキブリ,Stored: Sanit,Blattodea,NA,Blattidae,1951,NA,DryA: Seeds: Detritivore,Afrotropic,"Yamanaka, 2015"
Periplaneta australasiae,(Fabricius),Australian cockroach: Smoky Brown Cockroach,コワモンゴキブリ,Stored: Sanit,Blattodea,NA,Blattidae,1961,NA,DryA: Seeds: Detritivore,Afrotropic,"Yamanaka, 2015"
Periplaneta brunnea,Burmeister,NA,トビイロゴキブリ,Stored: Sanit,Blattodea,NA,Blattidae,1945,NA,DryA: Seeds: Detritivore,Nearctic Afrotropic,"Yamanaka, 2015"
Periplaneta fuliginosa,NA,NA,クロゴキブリ,Stored: Sanit,Blattodea,NA,Blattidae,1735,NA,DryA: Seeds: Detritivore,Indomalaya,"Yamanaka, 2015"
Nauphoeta cinerea,(Olivier),NA,ハイイロゴキブリ,Stored: Sanit,Blattodea,NA,Oxyhaloidae,1945,NA,DryA: Seeds: Detritivore,Palearctic(Asia),"Yamanaka, 2015"
Lasioderma serricorne,(Fabricius),cigarette beetle :  cigarette beetle:tobacco beetle,タバコシバンムシ,Stored,Coleoptera,NA,Anobiidae,1926,NA,DryA: Seeds,Indomalaya Afrotropic Neotropic,"Yamanaka, 2015"
Stegobium paniceum,(Linnaeus),book-worm :  biscuit beetle:drugstore beetle: sorghum midge,ジンサンシバンムシ,Stored,Coleoptera,NA,Anobiidae,NA,NA,DryA: Seeds,Palearctic(Asia) Palearctic(Europe),"Yamanaka, 2015"
Araecerus coffeae,(Fabricius),cocoa weevil,ワタミヒゲナガゾウムシ,Stored,Coleoptera,NA,Anthribidae,1956,NA,Seeds: Leaf,Neotropic,"Yamanaka, 2015"
Heterobostrychus aequalis,(Waterhouse),NA,ホソナガシンクイ,Wood,Coleoptera,NA,Bostrichidae,1986,NA,Wood,Palearctic(Asia) Indomalaya,"Yamanaka, 2015"
Heterobostrychus hamatipennis,NA,NA,オオナガシンクイ,Wood,Coleoptera,NA,Bostrichidae,NA,NA,Wood,Indomalaya,"Yamanaka, 2015"
Lyctoxylon dentatum,(Fauvel),NA,アラゲヒラタキクイムシ,Wood,Coleoptera,NA,Bostrichidae,NA,NA,Wood,Palearctic(Asia),"Yamanaka, 2015"
Lyctus brunneus,(Stephens),powderpost beetle,ヒラタキクイムシ,Wood,Coleoptera,NA,Bostrichidae,NA,NA,Wood,Palearctic(Europe),"Yamanaka, 2015"
Minthea rugicollis,(Walker),NA,ケブトヒラタキクイムシ,Wood,Coleoptera,NA,Bostrichidae,NA,NA,Wood,Indomalaya,"Yamanaka, 2015"
Rhizopertha dominica,NA,NA,コナナガシンクイ,Stored,Coleoptera,NA,Bostrichidae,NA,NA,Sedds,Palearctic(Asia),"Yamanaka, 2015"
Cylas formicarius,(Fabricius),Sweet potato weevil :  sweetpotato weevil,アリモドキゾウムシ,Outdoor,Coleoptera,NA,Brentidae,1903,NA,Root (根菜類),Indomalaya,"Yamanaka, 2015"
Chalcophora yunnana,NA,NA,ウバタマムシ,Wood,Coleoptera,NA,Buprestidae,NA,NA,Wood,Palearctic(Asia),"Yamanaka, 2015"
Anoplophora ryukyuensis,Breuninget and Ohbayashi,NA,ヨナグニオオシマゴマダラカミキリ,Wood: Outdoor,Coleoptera,NA,Cerambycidae,1986,NA,Wood: Leaf (生木),Indomalaya,"Yamanaka, 2015"
Batocera rubus,(Linnaeus),NA,イチジクカミキリ,Wood: Outdoor,Coleoptera,NA,Cerambycidae,1986,NA,Wood: Leaf (イチジク・ゴムなど生木),Palearctic(Asia) Indomalaya,"Yamanaka, 2015"
Monochamus alternatus,NA,NA,マツノマダラカミキリ,Wood: Outdoor,Coleoptera,NA,Cerambycidae,1973,NA,Wood: Leaf (マツ生木),Palearctic(Asia) Indomalaya,"Yamanaka, 2015"
Paraglenea fortunei,(Saunders),NA,ラミーカミキリ,Outdoor,Coleoptera,NA,Cerambycidae,NA,NA,Leaf (カラムシなど),Palearctic(Asia),"Yamanaka, 2015"
Euxestus parki,NA,NA,パークホソカタムシ,Stored,Coleoptera,NA,Cerylonidae,NA,NA,Seeds,Palearctic(Asia),"Yamanaka, 2015"
Acanthoscelides obtectus,Say,bean weevil:dried bean beetle,インゲンマメゾウムシ,Stored,Coleoptera,NA,Chrysomelidae,1951,NA,Seeds,Neotropic,"Yamanaka, 2015"
Brontispa longissima,NA,NA,キムネクロナガハムシ,Outdoor,Coleoptera,NA,Chrysomelidae,1978,NA,Leaf (ヤシなど),Palearctic(Asia) Indomalaya,"Yamanaka, 2015"
Callosobruchus chinensis,(Linnaeus),cowpea weevil :  adzuki bean weevil,アズキマメゾウムシ,Stored,Coleoptera,NA,Chrysomelidae,NA,NA,Seeds,Palearctic(Asia) Indomalaya,"Yamanaka, 2015"
Callosobruchus maculatus,(Fabricius),four-spotted bean weevil :  cowpea weevil:four-spotted bean weevil,ヨツモンマメゾウムシ,Stored,Coleoptera,NA,Chrysomelidae,1959,NA,Seeds,Afrotropic Indomalaya,"Yamanaka, 2015"
Cassida circumdata,Herbest,NA,タテスジヒメジンガサハムシ,Outdoor,Coleoptera,NA,Chrysomelidae,NA,NA,Leaf (サツマイモ・ヒルガオ),Indomalaya,"Yamanaka, 2015"
Cassida obtusata,Boheman,NA,ミカンカメノコハムシ,Outdoor,Coleoptera,NA,Chrysomelidae,1987,NA,Leaf (柑橘類・イヌビユ),Palearctic(Asia) Indomalaya,"Yamanaka, 2015"
Chaetocnema confinis,NA,NA,サツマイモヒサゴトビハムシ,Outdoor,Coleoptera,NA,Chrysomelidae,1998,NA,Root,Indomalaya Palearctic(Asia),"Yamanaka, 2015"
Laccoptera quadrimaculata,NA,NA,ヨツモンカメノコハムシ,Outdoor,Coleoptera,NA,Chrysomelidae,NA,NA,Leaf,Indomalaya,"Yamanaka, 2015"
Linaeidea formosana,NA,NA,タイワンハムシ,Outdoor,Coleoptera,NA,Chrysomelidae,2010,NA,Leaf,Indomalaya,"Yamanaka, 2015"
Oulema oryzae,NA,NA,イネクビホソハムシ,Outdoor,Coleoptera,NA,Chrysomelidae,1937,NA,Leaf (イネ),Palearctic(Asia),"Yamanaka, 2015"
Cicindela aurulenta,NA,NA,ヤツボシハンミョウ,NA,Coleoptera,NA,Cicindelidae,2002,NA,Insect,Indomalaya,"Yamanaka, 2015"
Korynetes caeruleus,(DeGeer),NA,ニセルリホシカムシ,Stored,Coleoptera,NA,Cleridae,1957,NA,DryA,Palearctic(Asia),"Yamanaka, 2015"
Necrobia ruficollis,(Fabricius),Red-shouldered ham beetle :  red-shouldered ham beetle,アカクビホシカムシ,Stored,Coleoptera,NA,Cleridae,1957,NA,DryA,Indomalaya,"Yamanaka, 2015"
Necrobia rufipes,(De Geer),Red-legged ham beetle :  red-legged ham beetle:copra beetle:ham beetle,アカアシホシカムシ,Stored,Coleoptera,NA,Cleridae,NA,NA,DryA,Palearctic(Asia),"Yamanaka, 2015"
Necrobia violacea,(Linnaeus),Imported currantworm,ルリホシカムシ,Stored,Coleoptera,NA,Cleridae,1945,NA,DryA,Palearctic(Asia),"Yamanaka, 2015"
Tarsostenus unvittatus,(Rossi),NA,シロオビカッコウムシ,NA,Coleoptera,NA,Cleridae,NA,NA,Insect,Palearctic(Asia),"Yamanaka, 2015"
Brumoides ohotai,NA,NA,ミスジキイロテントウ,NA,Coleoptera,NA,Coccinellidae,1986,NA,Insect,Indomalaya,"Yamanaka, 2015"
Calvia muiri,(Timberlake),NA,ムーアシロホシテントウ,NA,Coleoptera,NA,Coccinellidae,NA,NA,Fungus,Indomalaya,"Yamanaka, 2015"
Coelophora inaequalis,(Fabricius),common Australian lady beetle,カタボシテントウ,NA,Coleoptera,NA,Coccinellidae,2010,NA,Insect,Australasia Oceania Indomalaya,"Yamanaka, 2015"
Epilachna pusillanima,NA,NA,ミナミマダラテントウ,Outdoor,Coleoptera,NA,Coccinellidae,1997,NA,Leaf,Indomalaya,"Yamanaka, 2015"
Jauravia limbata,NA,NA,ケブカメツブテントウ,NA,Coleoptera,NA,Coccinellidae,1988,NA,Insect,Indomalaya,"Yamanaka, 2015"
Olla v-nigrum,(Mulsant),NA,ハイイロテントウ,NA,Coleoptera,NA,Coccinellidae,1987,NA,Insect,Nearctic Nearctic Neotropic,"Yamanaka, 2015"
Platynaspidius maculosus,(Weise),NA,モンクチビルテントウ,NA,Coleoptera,NA,Coccinellidae,1998,NA,Insect,Palearctic(Asia),"Yamanaka, 2015"
Rodolia cardinalis,(Mulsant),Australian lady beetle,ベダリアテントウ,BiolAge,Coleoptera,NA,Coccinellidae,1911,I,Insect,Palearctic(Asia) Australasia,"Yamanaka, 2015"
Cryptolestes ferrugineus,(Stephens),rusty grain beetle:rust-red grain beetle,サビカクムネチビヒラタムシ,Stored,Coleoptera,NA,Cucujidae,NA,NA,Seeds,Palearctic(Asia) Palearctic(Europe),"Yamanaka, 2015"
Cryptolestes pusilloides,NA,NA,ハウカクムネヒラタムシ,Stored,Coleoptera,NA,Cucujidae,NA,NA,Seeds: Fungus (シイタケ),Pantropic,"Yamanaka, 2015"
Cryptolestes pusillus,(Schönherr),flat grain beetle,カクムネチビヒラタムシ,Stored,Coleoptera,NA,Cucujidae,NA,NA,Seeds,Oceania,"Yamanaka, 2015"
Amorphoidea lata,NA,NA,ワタデオゾウムシ,Outdoor,Coleoptera,NA,Curculionidae,1988,NA,Leaf (綿花),Indomalaya,"Yamanaka, 2015"
Euscepes postfasciatus,(Fairmaire),Sweet potato weevil :  West Indian sweetpotato weevil,イモゾウムシ,Outdoor,Coleoptera,NA,Curculionidae,1947,NA,Root (根菜類),Neotropic,"Yamanaka, 2015"
Euwallacea fornicatus,(Eichhoff）,ambrosia beetle,ナンヨウキクイムシ,Outdoor: Wood,Coleoptera,NA,Curculionidae,NA,NA,Fungus (チャ・マンゴーの衰弱木),Palearctic(Asia) Indomalaya,"Yamanaka, 2015"
Hypera postica,(Gyllenhal),alfalfa weevil,アルファルファタコゾウムシ,Outdoor,Coleoptera,NA,Curculionidae,1982,NA,Leaf,Palearctic(Asia) Palearctic(Europe),"Yamanaka, 2015"
Lissorhoptrus oryzophilus,Kuschel,NA,イネミズゾウムシ,Outdoor,Coleoptera,NA,Curculionidae,1985,NA,Leaf,Palearctic(Asia) Nearctic,"Yamanaka, 2015"
Listroderes costirostris,Schoenherr,Vegetable weevil: syn (Listroderes difficilis),ヤサイゾウムシ,Outdoor,Coleoptera,NA,Curculionidae,1960,NA,Leaf,Palearctic(Asia) Neotropic,"Yamanaka, 2015"
Orchidophilus aterrimus,NA,Orchid weevil :  NA,オオランヒメゾウムシ,Greenhouse,Coleoptera,NA,Curculionidae,2006,NA,Leaf (ラン),Palearctic(Asia) Indomalaya,"Yamanaka, 2015"
Sitona cylindricollis,Fahreus,flavescent clover weevil,ナガチビコフキゾウムシ,Outdoor,Coleoptera,NA,Curculionidae,1961,NA,Leaf (マメ科牧草),Nearctic Palearctic(Europe),"Yamanaka, 2015"
Attagenus fasciatus,(Thunberg),NA,オビヒメカツオブシムシ,Stored,Coleoptera,NA,Dermestidae,1985,NA,DryA,Palearctic(Asia) Neotropic,"Yamanaka, 2015"
Dermestes ater,DeGeer,black larder beetle:hide beetle,トビカツオブシムシ,Stored,Coleoptera,NA,Dermestidae,NA,NA,DryA,Palearctic(Asia),"Yamanaka, 2015"
Dermestes frischi,Kugelann,NA,フイリカツオブシムシ,Stored,Coleoptera,NA,Dermestidae,NA,NA,DryA,Palearctic(Asia),"Yamanaka, 2015"
Dermestes maculatus,(De Geer),Hide beetle :  hide beetle:leather beetle:common hide beetle,ハラジロカツオブシムシ,Stored,Coleoptera,NA,Dermestidae,NA,NA,DryA,Palearctic(Asia) Palearctic(Europe) Indomalaya,"Yamanaka, 2015"
Carcinops pumilio,(Erichson),NA,クロチビエンマムシ,Stored,Coleoptera,NA,Histeridae,NA,NA,Stored,Palearctic(Asia),"Yamanaka, 2015"
Placonotus testaceus,NA,NA,カドムネチビヒラタムシ,Stored,Coleoptera,NA,Laemophloeidae,NA,NA,Seeds,Nearctic,"Yamanaka, 2015"
Dorcus titanus,(Boisduval),NA,ヒラタクワガタ,NA,Coleoptera,NA,Lucanidae,2010,I,Wood,Palearctic(Asia),"Yamanaka, 2015"
Prosopocoilus inclinatus,(Motschulsky),NA,ノコギリクワガタ,NA,Coleoptera,NA,Lucanidae,2001,I,Wood,Palearctic(Asia),"Yamanaka, 2015"
Carpophilus dimidiatus,(Fabricius),cornsap beetle:dried-fruit beetle,ガイマイデオキスイ,Stored,Coleoptera,NA,Nitidulidae,NA,NA,Seeds,Indomalaya,"Yamanaka, 2015"
Carpophilus freemani,Dobson,NA,ウスチャデオキスイ,Stored,Coleoptera,NA,Nitidulidae,NA,NA,Seeds,Palearctic(Asia),"Yamanaka, 2015"
Carpophilus hemipterus,(Linnaeus),dried-fruit beetle,クリヤケシキスイ,Stored,Coleoptera,NA,Nitidulidae,NA,NA,Seeds,Indomalaya,"Yamanaka, 2015"
Carpophilus marginellus,Motschulsky,NA,クリイロデオキスイ,Stored,Coleoptera,NA,Nitidulidae,1957,NA,Seeds,Palearctic(Asia),"Yamanaka, 2015"
Nacerdes melanura,(Linnaeus),NA,ツマグロカミキリモドキ,Sanit,Coleoptera,NA,Oedemeridae,NA,NA,Wood (朽木を食べるそうです),Palearctic(Europe),"Yamanaka, 2015"
Gibbium aequinoctiale,Boieldieu,smooth spider beetle,ニセセマルヒョウホンムシ,Stored,Coleoptera,NA,Ptinidae,1901,NA,DryA,Neotropic,"Yamanaka, 2015"
Cosmopolites sordidus,(Germar),banana root borer:banana weevil borer,バショウオサゾウムシ,Outdoor,Coleoptera,NA,Rhynchophoridae,1926,NA,Leaf (バナナの茎),Indomalaya,"Yamanaka, 2015"
Diocalandra frumenti,Fabricius,NA,ヨツボシヤシコクゾウムシ,Stored,Coleoptera,NA,Rhynchophoridae,1977,NA,Stored,Indomalaya Afrotropic Nearctic,"Yamanaka, 2015"
Laogenia formosana,NA,NA,アシナガコクゾウムシ,Outdoor,Coleoptera,NA,Rhynchophoridae,NA,NA,Unkown,Indomalaya,"Yamanaka, 2015"
Odoiporus longicollis,(Olivier),NA,バナナツヤオサゾウムシ,Outdoor,Coleoptera,NA,Rhynchophoridae,1969,NA,Leaf (ヤシ類),Indomalaya,"Yamanaka, 2015"
Paracalendra saccharivova,"Chujo et 【Morimoto N, Kiritani K (1995) Fauna of exotic insects in Japan Bull Natl Inst Agro-Environ Sci 12:87-120】",syn (Myocalandra exarata),サトウキビコクゾウムシ,Outdoor,Coleoptera,NA,Rhynchophoridae,1958,NA,Leaf (ヤシ類),Palearctic(Asia),"Yamanaka, 2015"
Polytus mellerborgi,Boheman,NA,バショウコクゾウムシ,Outdoor,Coleoptera,NA,Rhynchophoridae,1925,NA,Leaf (ヤシ類),Indomalaya,"Yamanaka, 2015"
Rhabdoscelus fissicauda,NA,NA,ヤシオサゾウムシ,Outdoor,Coleoptera,NA,Rhynchophoridae,1971,NA,Leaf (ヤシ類),Indomalaya,"Yamanaka, 2015"
Rhabdoscelus similis,(Chevrolat）,syn (R. lineatocollis),シロスジオサゾウムシ,Outdoor,Coleoptera,NA,Rhynchophoridae,1976,NA,Leaf (ヤシ類),Indomalaya,"Yamanaka, 2015"
Rhynchophorus ferrugineus,(Olivier),Red Palm Weevil,ヤシオオオサゾウムシ,Outdoor,Coleoptera,NA,Rhynchophoridae,1975,NA,Leaf (ヤシ類),Indomalaya Oceania,"Yamanaka, 2015"
Sitophilus oryzae,(Linnaeus),Rice weevil :  rice weevil:lesser rice weevil,ココクゾウムシ,Stored,Coleoptera,NA,Rhynchophoridae,NA,NA,Seeds,Palearctic(Asia),"Yamanaka, 2015"
Sitophilus zeamais,Motschulsky,NA,コクゾウムシ,Stored,Coleoptera,NA,Rhynchophoridae,NA,NA,Seeds,Palearctic(Asia),"Yamanaka, 2015"
Sphenocorynes ocellatus,NA,NA,ヨツメオサゾウムシ,Outdoor,Coleoptera,NA,Rhynchophoridae,NA,NA,Leaf (ゲットウ),Indomalaya,"Yamanaka, 2015"
Sphenophorus venatus,Chittenden,hunting billbug,シバオサゾウムシ,Outdoor,Coleoptera,NA,Rhynchophoridae,1979,NA,Leaf (芝),Palearctic(Asia) Nearctic,"Yamanaka, 2015"
Alissonotum pauper,NA,NA,クロマルコガネ,NA,Coleoptera,NA,Scarabaeidae,1996,NA,Unkown,Indomalaya,"Yamanaka, 2015"
Anomala cuprea,(Hope),NA,ドウガネブイブイ,Outdoor,Coleoptera,NA,Scarabaeidae,1995,NA,Leaf (芝),Palearctic(Asia),"Yamanaka, 2015"
Ataenius picinus,NA,NA,ヤエヤマニセツツマグソコガネ,NA,Coleoptera,NA,Scarabaeidae,1999,NA,Detritivore,Nearctic,"Yamanaka, 2015"
Onthophagus gazella,Fabricius,NA,ガゼラエンマコガネ,BiolAge,Coleoptera,NA,Scarabaeidae,1990,I,Animal,Afrotropic,"Yamanaka, 2015"
Onthophagus proletarius,NA,NA,ヨツモンエンマコガネ,NA,Coleoptera,NA,Scarabaeidae,2006,NA,Animal,Indomalaya,"Yamanaka, 2015"
Oryctes rhinoceros,(Linnaeus),NA,タイワンカブトムシ,NA,Coleoptera,NA,Scarabaeidae,1921,NA,Wood,Indomalaya,"Yamanaka, 2015"
Popillia japonica,Newman,NA,マメコガネ,Outdoor,Coleoptera,NA,Scarabaeidae,1990,I,Leaf,Afrotropic,"Yamanaka, 2015"
Protaetia fusca,(Herbst),Scarab beetle,ハイイロハナムグリ,NA,Coleoptera,NA,Scarabaeidae,1989,NA,Leaf (ギンネム？),Indomalaya,"Yamanaka, 2015"
Protaetia orientalis sakaii,NA,NA,サカイシロテンハナムグリ,NA,Coleoptera,NA,Scarabaeidae,1976,NA,Wood (昆虫マット？),Palearctic(Asia) Indomalaya,"Yamanaka, 2015"
Protaetia orientalis submarumorea,NA,NA,シロテンハナムグリ,NA,Coleoptera,NA,Scarabaeidae,1976,NA,Wood (昆虫マット？),Palearctic(Asia) Indomalaya,"Yamanaka, 2015"
Trypoxylus dichotomus septentrionalis,NA,NA,カブトムシ,NA,Coleoptera,NA,Scarabaeidae,1979,NA,Wood (昆虫マット？),Palearctic(Asia),"Yamanaka, 2015"
Cryptomorpha desjardinsi,(Guérin-Méneville),NA,モンセマルホソヒラタムシ,Stored,Coleoptera,NA,Silvanidae,NA,NA,Unkown,Palearctic(Asia),"Yamanaka, 2015"
Monanus concinnulus,(Walker),NA,チビセマルホソヒラタムシ,Stored,Coleoptera,NA,Silvanidae,1977,NA,Seeds,Pantropic,"Yamanaka, 2015"
Oryzaephilus mercator,(Fauvel),merchant grain beetle,オオメノコギリヒラタムシ,Stored,Coleoptera,NA,Silvanidae,1967,NA,Seeds,Palearctic(Asia),"Yamanaka, 2015"
Oryzaephilus surinamensis,(Linnaeus),Saw-toothed grain beetle :  saw-toothed grain beetle,ノコギリヒラタムシ,Stored,Coleoptera,NA,Silvanidae,1926,NA,Seeds,Neotropic,"Yamanaka, 2015"
Silvanus bidentatus,(Fabricius),NA,フタトゲホソヒラタムシ,Stored,Coleoptera,NA,Silvanidae,NA,NA,Seeds,Indomalaya,"Yamanaka, 2015"
Alphitobius diaperinus,(Panzer),lesser mealworm beetle:lesser mealworm,ガイマイゴミムシダマシ,Stored,Coleoptera,NA,Tenebrionidae,1957,NA,Seeds,Afrotropic,"Yamanaka, 2015"
Alphitobius laevigatus,(Fabricius),black fungus beetle,ヒメゴミムシダマシ,Stored,Coleoptera,NA,Tenebrionidae,1957,NA,Seeds,Indomalaya Afrotropic Australasia,"Yamanaka, 2015"
Coelopalorus foveicollis,Brair,NA,ムネミゾコクヌストモドキ,Stored,Coleoptera,NA,Tenebrionidae,1973,NA,Seeds,Palearctic(Asia),"Yamanaka, 2015"
Gnathocerus cornutus,(Fabricius),broadhorned flour beetle,オオツノコクヌストモドキ,Stored,Coleoptera,NA,Tenebrionidae,1953,NA,Seeds,Indomalaya Afrotropic,"Yamanaka, 2015"
Tenebrio molitor,Linnaeus,yellow mealworm:yellow mealworm beetle:mealworm,チャイロコメノゴミムシダマシ,Stored,Coleoptera,NA,Tenebrionidae,NA,NA,Seeds,Palearctic(Asia) Palearctic(Europe) indomalaya,"Yamanaka, 2015"
Tenebrio obscurus,Fabricius,dark mealworm:dark mealworm beetle,コメノゴミムシダマシ,Stored,Coleoptera,NA,Tenebrionidae,1931,NA,Seeds,Palearctic(Europe),"Yamanaka, 2015"
Tribolium castaneum,(Herbst),red-rust flour beetle :  red flour beetle:rust-red flour beetle:wee flour beetle:ferruginous flour beetle:brown grain beetle:red-brown rice-flour beetle,コクヌストモドキ,Stored,Coleoptera,NA,Tenebrionidae,1501,NA,Seeds,Indomalaya,"Yamanaka, 2015"
Lophocateres pusillus,(Klug),Japanese maple scale,ホソチビコクヌスト,Stored,Coleoptera,NA,Trogossitidae,1979,NA,Seeds,Palearctic(Asia) Afrotropic,"Yamanaka, 2015"
Tenebroides mauritanicus,(Linnaeus),cadelle,コクヌスト,Stored,Coleoptera,NA,Trogossitidae,NA,NA,Seeds,Cosmopolitan,"Yamanaka, 2015"
Drosophila hydei,NA,NA,カスリショウジョウバエ,Sanit,Diptera,ハエ亜目,Drosophilidae,NA,NA,Detritivore,Cosmopolitan,"Yamanaka, 2015"
Drosophila immigrans,NA,NA,オオショウジョウバエ,Sanit,Diptera,ハエ亜目,Drosophilidae,NA,NA,Detritivore,Pantropic,"Yamanaka, 2015"
Drosophila suzukii,(Matsumura),cherry drosophila: Spotted wing drosophila,オウトウショウジョウバエ,Outdoor,Diptera,ハエ亜目,Drosophilidae,NA,NA,Leaf: Fruits,Palearctic(Asia),"Yamanaka, 2015"
Megaselia scalaris,NA,NA,クサビノミバエ,Sanit,Diptera,ハエ亜目,Phoridae,NA,NA,Animal,Cosmopolitan,"Yamanaka, 2015"
Liriomyza sativae,Blanchard,vegetable leafminer :  legume leafminer,トマトハモグリバエ,Outdoor: Greenhouse,Diptera,NA,Agromyzidae,1999,NA,Leaf,Nearctic Neotropic,"Yamanaka, 2015"
Liriomyza trifolii,(Burgess),Celery leafminer :  legume leafminer,マメハモグリバエ,Outdoor: Greenhouse,Diptera,NA,Agromyzidae,1993,NA,Leaf,Palearctic(Asia) Nearctic,"Yamanaka, 2015"
Hemipyrellia ligurriens,(Matsumura),NA,トウキョウキンバエ,Sanit,Diptera,NA,Calliphoridae,1950,NA,Animal,Indomalaya,"Yamanaka, 2015"
Lucilia sericata,(Meigen),Greenbottle fly,ヒロズキンバエ,Sanit,Diptera,NA,Calliphoridae,NA,NA,Animal,Palearctic(Europe) Afrotropic,"Yamanaka, 2015"
Contarinia maculipennis,Felt,Hibiscus midge :  blossom midge,ランツボミタマバエ,Greenhouse,Diptera,NA,Cecidomyiidae,1989,NA,Leaf (ラン),Indomalaya Nearctic,"Yamanaka, 2015"
Erosomyia sp,NA,NA,Erosomyia sp,Greenhouse,Diptera,NA,Cecidomyiidae,2000,NA,Leaf(シロバナセンダングサ、サツマイモ花),NA,"Yamanaka, 2015"
Procontarinia mangicola,(Shi),syn (Erosomyia sp.),マンゴーハフクレタマバエ,Outdoor: Greenhouse,Diptera,NA,Cecidomyiidae,2000,NA,Leaf (マンゴー),Indomalaya Oceania,"Yamanaka, 2015"
Chironomus tainanus,NA,NA,ミナミユスリカ,Sanit,Diptera,NA,Chironomidae,1978,NA,Detritivore,Indomalaya,"Yamanaka, 2015"
Aedes aegypti,(Linnaeus),yellow fever mosquito,ネッタイシマカ,Sanit,Diptera,NA,Culicidae,1944,NA,Animal,Afrotropic,"Yamanaka, 2015"
Drosophila melanogaster,Meigen,common fruit fly,キイロショウジョウバエ,Sanit,Diptera,NA,Drosophilidae,NA,NA,Leaf: Fruits (発酵した果実・樹液),Cosmopolitan,"Yamanaka, 2015"
Drosophila simulans,Sturtevant,NA,オナジショウジョウバエ,Sanit,Diptera,NA,Drosophilidae,1972,NA,Detritivore,Palearctic(Asia),"Yamanaka, 2015"
Musca domestica,Linnaeus,House fly :  house fly,イエバエ,Sanit,Diptera,NA,Muscidae,NA,NA,Animal: DryA: Detritivore,Palearctic(Asia) Afrotropic,"Yamanaka, 2015"
Diploneura cornuta,(Bigot),NA,コシアキノミバエ,Sanit,Diptera,NA,Phoridae,NA,NA,Animal: DryA: Detritivore,Palearctic(Asia),"Yamanaka, 2015"
Clogmia albipunctata,(Williston),bathroom fly,オオケチョウバエ,Sanit,Diptera,NA,Psychodidae,NA,NA,Detritivore,Pantropic,"Yamanaka, 2015"
Tinearia alternata,Say,NA,ホシチョウバエ,Sanit,Diptera,NA,Psychodidae,NA,NA,Detritivore,Palearctic(Asia),"Yamanaka, 2015"
Hermetia illucens,(Linnaeus),Soldier fly,アメリカミズアブ,Sanit,Diptera,NA,Stratiomyidae,1951,NA,Fruits: Animal: DryA: Detritivore,Palearctic(Asia) Neotropic Nearctic,"Yamanaka, 2015"
Bactrocera cucurbitae,(Coquillett),melon fly,ウリミバエ,Outdoor,Diptera,NA,Tephritidae,1919,NA,Fruits,Indomalaya,"Yamanaka, 2015"
Bactrocera dorsalis,(Hendel),oriental fruit fly,ミカンコミバエ,Outdoor,Diptera,NA,Tephritidae,1919,NA,Fruits,Indomalaya,"Yamanaka, 2015"
Bactrocera latifrons,(Hendel),NA,ナスミバエ,Outdoor,Diptera,NA,Tephritidae,1984,NA,Fruits,Indomalaya,"Yamanaka, 2015"
Perkinsiella saccharicida,Kirkaldy,Cane leafhopper :  sugarcane leafhopper:sugarcane planthopper,クロフツノウンカ,Outdoor,Hemiptera,Auchenorrhyncha,Delphacidae,1958,NA,Leaf (トウモロコシ葉・茎),Oceania Australasia,"Yamanaka, 2015"
Lasiochiloides esakii,NA,NA,エサキトゲアシハナカメムシ,NA,Hemiptera,Prosorrhyncha,Anthocoridae,1960,NA,Insect,Indomalaya,"Yamanaka, 2015"
Orius strigiecollis,NA,NA,タイリクヒメハナカメムシ,BiolAge,Hemiptera,Prosorrhyncha,Anthocoridae,NA,NA,Insect,Palearctic (Asia) Indomalaya,"Yamanaka, 2015"
Cimex lectularius,Linnaeus,Common Bed Bug Hawaiian name: uku-lio,トコジラミ,Sanit,Hemiptera,Prosorrhyncha,Cimicidae,NA,NA,Animal,Palearctic(Europe),"Yamanaka, 2015"
Leptoglossus australis,NA,NA,アシビロヘリカメムシ,Outdoor: Greenhouse,Hemiptera,Prosorrhyncha,Coreidae,NA,NA,Leaf: Fruits (ウリ科野菜),Indomalaya,"Yamanaka, 2015"
Notobius meleagris,Fabricius,NA,ヒゲナガヘリカメムシ,Outdoor,Hemiptera,Prosorrhyncha,Coreidae,1970,NA,Leaf (竹),Indomalaya Palearctic(Asia),"Yamanaka, 2015"
Cavelerius saccharivorus,(Okajima),NA,カンシャコバネナガカメムシ,Outdoor,Hemiptera,Prosorrhyncha,Lygaeidae,1914,NA,Root (サトウキビ),Indomalaya,"Yamanaka, 2015"
Clerada apicicornis,Signoret,NA,ミナミナガカメムシ,NA,Hemiptera,Prosorrhyncha,Lygaeidae,1999,NA,Insect,Neotropic,"Yamanaka, 2015"
Fulvius anthocoroides,NA,NA,ヨツボシキノコカスミカメ,NA,Hemiptera,Prosorrhyncha,Miridae,NA,NA,Insect (貯穀害虫を捕食するらしい),NA,"Yamanaka, 2015"
Catacanthus incarnatus,NA,NA,オオアカカメムシ,Outdoor,Hemiptera,Prosorrhyncha,Pentatomidae,NA,NA,Leaf,Indomalaya,"Yamanaka, 2015"
Erthesina fullo,(Erichson),NA,キマダラカメムシ,Outdoor,Hemiptera,Prosorrhyncha,Pentatomidae,NA,NA,Leaf: Fruits (カキ),Indomalaya,"Yamanaka, 2015"
Glaucias subpunctatus,(Walker),NA,ツヤアオカメムシ,Outdoor,Hemiptera,Prosorrhyncha,Pentatomidae,1972,NA,Fruits (果物を吸汁するが球果ガ好み),Palearctic(Asia) Indomalaya,"Yamanaka, 2015"
Amphibolus venator,Klug,NA,コメグラサシガメ,NA,Hemiptera,Prosorrhyncha,Reduviidae,1999,NA,Insect,Palearctic(Europe),"Yamanaka, 2015"
Peregrinator biannulipes,(Montrouzier et Signoret),NA,ケブカサシガメ,NA,Hemiptera,Prosorrhyncha,Reduviidae,1900,NA,Insect,Australasia,"Yamanaka, 2015"
Aleurocanthus spiniferus,(Quaintance),citrus spiny whitefly,ミカントゲコナジラミ,Outdoor,Hemiptera,Sternorrhyncha,Aleyrodidae,NA,NA,Leaf (チャ): Fruits (カンキツ),Palearctic(Asia),"Yamanaka, 2015"
Aleurothrixus floccosus,(Maskell),woolly whitefly,ミカンワタコナジラミ,Outdoor,Hemiptera,Sternorrhyncha,Aleyrodidae,1997,NA,Leaf (チャ): Fruits (カンキツ),Neotropic,"Yamanaka, 2015"
Bemisia argentifolii,BellowsandPerring,NA,シルバーリーフコナジラミ,Greenhouse,Hemiptera,Sternorrhyncha,Aleyrodidae,1989,NA,Leaf,Palearctic(Asia) Nearctic,"Yamanaka, 2015"
Bemisia tabaci,(Gennadius),tobacco whitefly,タバココナジラミtypeQ,Greenhouse,Hemiptera,Sternorrhyncha,Aleyrodidae,1990,NA,Leaf,Palearctic(Asia),"Yamanaka, 2015"
Trialeurodes vaporariorum,(Westwood),Greenhouse white fly :  greenhouse whitefly:glasshouse whitefly,オンシツコナジラミ,Greenhouse,Hemiptera,Sternorrhyncha,Aleyrodidae,1974,NA,Leaf: Fruits,Palearctic(Asia) NAmerica Australasia,"Yamanaka, 2015"
Aphis gossypii,Glover,Bean plant louse :  cotton aphid:melon aphid,ワタアブラムシ,Outdoor: Greenhouse,Hemiptera,Sternorrhyncha,Aphididae,NA,NA,Leaf: Fruits (花卉・野菜・果物、イチゴなど),Palearctic(Asia),"Yamanaka, 2015"
Hysteroneura setariae,(Thomas),NA,ホモノクロアブラムシ,Outdoor,Hemiptera,Sternorrhyncha,Aphididae,1982,NA,Leaf: Fruits (サトウキビ),Nearctic,"Yamanaka, 2015"
Myzus persicae,(Sulzer),Green peach aphid :  green peach aphid:peach-potato aphid,モモアカアブラムシ,Outdoor: Greenhouse,Hemiptera,Sternorrhyncha,Aphididae,1937,NA,Leaf: Fruits (花卉・野菜・果物),Palearctic(Asia),"Yamanaka, 2015"
Ceroplastes cirripediformis,Comstock,Florida wax scale :  barnacle scale,フジツボロウムシ,Outdoor,Hemiptera,Sternorrhyncha,Coccidae,1995,NA,Leaf: Fruits (カンキツ),Nearctic Neotropic,"Yamanaka, 2015"
Ceroplastes floridensis,Comstock,NA,フロリダロウムシ,Outdoor: Greenhouse,Hemiptera,Sternorrhyncha,Coccidae,1930,NA,Leaf: Fruits (マンゴー),Neotropic,"Yamanaka, 2015"
Ceroplastes rubens,Maskell,red wax scale :  red wax scale:pink wax scale,ルビーロウムシ,Outdoor,Hemiptera,Sternorrhyncha,Coccidae,NA,NA,Leaf: Fruits (カンキツ),Palearctic(Asia) Indomalaya Australasia,"Yamanaka, 2015"
Coccus acutissimus,(Green),slender soft scale,ホソカタカイガラムシ,Outdoor: Greenhouse,Hemiptera,Sternorrhyncha,Coccidae,NA,NA,Leaf: Fruits (マンゴー),Indomalaya,"Yamanaka, 2015"
Coccus longulus,(Douglas),long brown scale:long soft scale,ナガカタカイガラムシ,Outdoor: Greenhouse,Hemiptera,Sternorrhyncha,Coccidae,1895,NA,Leaf (観葉植物): Fruits,Pantropic,"Yamanaka, 2015"
Coccus viridis,(Green),soft green scale,ミドリカタカイガラムシ,Outdoor,Hemiptera,Sternorrhyncha,Coccidae,1997,NA,Leaf: Fruits (コーヒー、カンキツ),Neotropic,"Yamanaka, 2015"
Milviscutulus mangiferae,(Green),mango soft scale,マンゴーカタカイガラムシ,Outdoor: Greenhouse,Hemiptera,Sternorrhyncha,Coccidae,1995,NA,Leaf: Fruits,Indomalaya,"Yamanaka, 2015"
Parasaissetia nigra,(Nietner),nigra scale :  nigra scale,クロカタカイガラムシ,Outdoor: Greenhouse,Hemiptera,Sternorrhyncha,Coccidae,1907,NA,Leaf: Fruits,Pantropic,"Yamanaka, 2015"
Pulvinaria psidii,Maskell,green shield scale :  green shield scale,ミドリワタカイガラムシ,Outdoor,Hemiptera,Sternorrhyncha,Coccidae,1989,NA,Leaf: Fruits,Indomalaya,"Yamanaka, 2015"
Pulvinaria urbicola,NA,NA,シマトウガラシワタカイガラムシ,Outdoor,Hemiptera,Sternorrhyncha,Coccidae,2009,NA,Leaf,Pantropic,"Yamanaka, 2015"
Saissetia coffeae,(Walker),hemispharical scale :  hemispherical scale,ハンエンカタカイガラムシ,Outdoor: Greenhouse,Hemiptera,Sternorrhyncha,Coccidae,1907,NA,Leaf: Fruits (極めて食性が広い),Afrotropic,"Yamanaka, 2015"
Saissetia miranda,(Cockerell and Parrott),NA,モモタマナカタカイガラムシ、ニセオリーブカタカイガラ,Outdoor,Hemiptera,Sternorrhyncha,Coccidae,2009,NA,Leaf (モモタマナ),Pantropic,"Yamanaka, 2015"
Saissetia oleae,(Olivier),black scale :  mediterranean black scale:brown olive scale,オリーブカタカイガラムシ,Outdoor: Greenhouse,Hemiptera,Sternorrhyncha,Coccidae,NA,NA,Leaf: Fruits,Pantropic,"Yamanaka, 2015"
Abgrallaspis cyanophylli,(Signoret),NA,シュロマルカイガラムシ,Greenhouse,Hemiptera,Sternorrhyncha,Diaspididae,1930,NA,Leaf: Fruits,Neotropic,"Yamanaka, 2015"
Andaspis hawaiiensis,(Maskell),Hawaiian scale,ハワイカキカイガラムシ,Outdoor: Greenhouse,Hemiptera,Sternorrhyncha,Diaspididae,NA,NA,Leaf: Fruits (極めて食性が広い),Pantropic,"Yamanaka, 2015"
Aonidiella aurantii,(Maskell),California red scale,アカマルカイガラムシ,Outdoor,Hemiptera,Sternorrhyncha,Diaspididae,NA,NA,Leaf: Fruits (カンキツ),Indomalaya,"Yamanaka, 2015"
Aonidiella citrina,(Coquillett),NA,キマルカイガラムシ,Outdoor,Hemiptera,Sternorrhyncha,Diaspididae,NA,NA,Leaf: Fruits (カンキツ),Indomalaya,"Yamanaka, 2015"
Aonidiella orientalis,(Newstead),NA,オスベッキーマルカイガラムシ,Outdoor: Greenhouse,Hemiptera,Sternorrhyncha,Diaspididae,1993,NA,Leaf: Fruits (パパイヤ・マンゴなど),Indomalaya,"Yamanaka, 2015"
Aspidiotus excisus,Green,NA,クサギウスマルカイガラムシ,Outdoor: Greenhouse,Hemiptera,Sternorrhyncha,Diaspididae,NA,NA,Leaf: Fruits (極めて食性が広い),Indomalaya,"Yamanaka, 2015"
Aulacaspis tubercularis,(Newstead),mango scale,マンゴーシロカイガラムシ,Outdoor: Greenhouse,Hemiptera,Sternorrhyncha,Diaspididae,1991,NA,Leaf: Fruits (マンゴー),Indomalaya,"Yamanaka, 2015"
Chrysomphalus aonidum,(Linnaeus),NA,アカホシマルカイガラムシ,Greenhouse,Hemiptera,Sternorrhyncha,Diaspididae,1930,NA,Leaf: Fruits,Palearctic(Asia) Indomalaya,"Yamanaka, 2015"
Chrysomphalus dictyospermi,(Morgan),dictyospermum scale,オンシツマルカイガラムシ,Greenhouse,Hemiptera,Sternorrhyncha,Diaspididae,1930,NA,Leaf: Fruits,Neotropic,"Yamanaka, 2015"
Diaspis boisduvalii,Signoret,orchid scale,ランシロカイガラムシ,Greenhouse,Hemiptera,Sternorrhyncha,Diaspididae,1989,NA,Leaf,Neotropic,"Yamanaka, 2015"
Diaspis bromeliae,(Kerner),pineapple scale :  pineapple scale,アナナスシロカイガラムシ,Outdoor: Greenhouse,Hemiptera,Sternorrhyncha,Diaspididae,1933,NA,Leaf: Fruits (パインアップル),Neotropic,"Yamanaka, 2015"
Fiorinia fioriniae,NA,NA,コノハカイガラムシ,Outdoor: Greenhouse,Hemiptera,Sternorrhyncha,Diaspididae,NA,NA,Leaf: Fruits (アボガド・観葉植物など多様),Indomalaya,"Yamanaka, 2015"
Genaparlatoria pseudaspidiotus,(Lindinger),vanda orchid scale,ランクロホシカイガラムシ,Outdoor: Greenhouse,Hemiptera,Sternorrhyncha,Diaspididae,1998,NA,Leaf: Fruits (マンゴー),Indomalaya,"Yamanaka, 2015"
Gymnaspis aechmeae,(Signoret),flyspeck scale,アナナスクロホシカイガラムシ,Outdoor: Greenhouse,Hemiptera,Sternorrhyncha,Diaspididae,NA,NA,Leaf: Fruits (パインアップル),Palearctic(Asia) Indomalaya,"Yamanaka, 2015"
Kuwanaspis howardi,Cooley,NA,ハワードシロナガカイガラムシ,Outdoor,Hemiptera,Sternorrhyncha,Diaspididae,NA,NA,Leaf (竹の子),Palearctic(Asia),"Yamanaka, 2015"
Lepidosaphes beckii,(Newman),NA,ミカンカキカイガラムシ,Outdoor: Greenhouse,Hemiptera,Sternorrhyncha,Diaspididae,1930,NA,Leaf: Fruits (マンゴ),Palearctic(Asia),"Yamanaka, 2015"
Lepidosaphes cupressi,Borchsenius,NA,カキノキカキカイガラムシ（広葉樹寄生型）,Outdoor,Hemiptera,Sternorrhyncha,Diaspididae,1996,NA,Leaf: Fruits (ヤマモモなど極めて広食),Palearctic(Asia),"Yamanaka, 2015"
Melanaspis bromiliae,(Leonardi),ananas scale,パイナップルクロマルカイガラムシ,Outdoor: Greenhouse,Hemiptera,Sternorrhyncha,Diaspididae,1972,NA,Leaf: Fruits (パイナップ),Neotropic,"Yamanaka, 2015"
Morganella longispina,(Morgan),plumose scale,イチジクマルカイガラムシ,Outdoor: Greenhouse,Hemiptera,Sternorrhyncha,Diaspididae,1970,NA,Leaf: Fruits (マンゴ),Palearctic(Asia),"Yamanaka, 2015"
Parlatoria ziziphi,(Lucas),"Black parlatoria scale, Citrus scale, Mediterranean scale",ヒメクロカイガラムシ,Outdoor,Hemiptera,Sternorrhyncha,Diaspididae,1907,NA,Leaf: Fruits (カンキツ・カラタチ),Indomalaya,"Yamanaka, 2015"
Pinnaspis hibisci,Takagi,NA,ハイビスカスシロカイガラムシ,Greenhouse,Hemiptera,Sternorrhyncha,Diaspididae,1970,NA,Leaf,Indomalaya,"Yamanaka, 2015"
Radiaspis indica,NA,NA,マンゴーツブカイガラムシ,Outdoor: Greenhouse,Hemiptera,Sternorrhyncha,Diaspididae,1996,NA,Leaf: Fruits (マンゴ),Indomalaya,"Yamanaka, 2015"
Thysanofiorinia nephelii,(Maskell),Locan scale,リュウガンコノハカイガラムシ,Greenhouse,Hemiptera,Sternorrhyncha,Diaspididae,1970,NA,Leaf: Fruits (リュウガン),Palearctic(Asia) Indomalaya Palearctic(Europe) Afrotropic,"Yamanaka, 2015"
Unaspis yanonensis,(Kuwana),NA,ヤノネカイガラムシ,Outdoor: Greenhouse,Hemiptera,Sternorrhyncha,Diaspididae,1981,NA,Leaf: Fruits (カンキツ),Indomalaya,"Yamanaka, 2015"
Icerya aegyptiaca,(Douglas),Egyptian cottony cushion scale,エジプトワタフキカイガラムシ,Outdoor,Hemiptera,Sternorrhyncha,Margarodidae,1939,NA,Leaf (オオバギ、シマグワ),Indomalaya Afrotropic,"Yamanaka, 2015"
Icerya purchasi,(Maskell),Cottony cushion scale :  cottony-cushion scale:fluted scale,イセリアカイガラムシ,Outdoor,Hemiptera,Sternorrhyncha,Margarodidae,1916,NA,Leaf: Fruits (カンキツ),Australasia,"Yamanaka, 2015"
Icerya seychellarum,(Westwood),NA,キイロワタフキカイガラムシ,Outdoor,Hemiptera,Sternorrhyncha,Margarodidae,1928,NA,Leaf: Fruits (ソテツ・ツバキ),Palearctic(Asia) Indomalaya,"Yamanaka, 2015"
Antonina graminis,(maskell),Rhodesgrass scale :  Rhodes grass mealybug,チガヤシロオカイガラムシ,Outdoor,Hemiptera,Sternorrhyncha,Pseudococcidae,1928,NA,Leaf (シバ),Palearctic(Asia) Palearctic(Europe) Afrotropic,"Yamanaka, 2015"
Dysmicoccus brevipes,(Cockerell),pineapple mealybug :  pineapple mealybug,パイナップルコナカイガラムシ,Outdoor: Greenhouse,Hemiptera,Sternorrhyncha,Pseudococcidae,1927,NA,Leaf: Fruits (パインアップル、極めて広食),Nearctic Neotropic,"Yamanaka, 2015"
Dysmicoccus neobrevipes,NA,gray pineapple mealybug,バナナコナカイガラムシ,Outdoor: Greenhouse,Hemiptera,Sternorrhyncha,Pseudococcidae,2008,NA,Leaf: Fruits (パインアップル、極めて広食),Neotropic Pantropic,"Yamanaka, 2015"
Ferrisia virgata,(Cockerell),striped mealybug: Privet Leafhopper,フタスジコナカイガラムシ,Outdoor: Greenhouse,Hemiptera,Sternorrhyncha,Pseudococcidae,1970,NA,Leaf: Fruits (極めて広食),Neotropic,"Yamanaka, 2015"
Maconellicoccus hirsutus,(Green),Egyptian hibiscus mealybug :  Hibiscus mealybug,ワタコナカイガラムシ,Greenhouse,Hemiptera,Sternorrhyncha,Pseudococcidae,1970,NA,Leaf: Fruits (極めて広食),Indomalaya,"Yamanaka, 2015"
Nipaecoccus viridis,(Newstead),lebbeck mealybug :  NA,タマコナカイガラムシ,Outdoor,Hemiptera,Sternorrhyncha,Pseudococcidae,NA,NA,Leaf (柑橘）,Palearctic(Asia) Indomalaya,"Yamanaka, 2015"
Phenacoccus defectus,NA,NA,ニセナスコナカイガラムシ,Greenhouse,Hemiptera,Sternorrhyncha,Pseudococcidae,2007,NA,Leaf: Fruits (ピーマン・ミニトマトなど),Nearctic Neotropic,"Yamanaka, 2015"
Phenacoccus madeirensis,Green,Mexican mealybug :  Madeira mealybug,マディラコナカイガラムシ,Greenhouse,Hemiptera,Sternorrhyncha,Pseudococcidae,1993,NA,Leaf (野菜花卉類),Pantropic,"Yamanaka, 2015"
Phenacoccus parva,NA,NA,ヒメナスコナカイガラムシ,Greenhouse,Hemiptera,Sternorrhyncha,Pseudococcidae,2011,NA,Leaf: Fruits (ピーマン・ナスなど),NA,"Yamanaka, 2015"
Phenacoccus solenopsis,NA,NA,クロテンコナカイガラムシ,Greenhouse,Hemiptera,Sternorrhyncha,Pseudococcidae,2009,NA,Leaf: Fruits (ピーマン・ミニトマトなど),Nearctic Neotropic,"Yamanaka, 2015"
Planococcus citri,(Risso),Citrus mealybug :  citrus mealybug,ミカンコナカイガラムシ,Greenhouse,Hemiptera,Sternorrhyncha,Pseudococcidae,1951,NA,Leaf (主に観葉植物),Japan Cosmopolitan,"Yamanaka, 2015"
Heterophylla cubana,Crawford,Leucaena psyllid,ギンネムキジラミ,Outdoor,Hemiptera,Sternorrhyncha,Psyllidae,1986,NA,Leaf (ギンネム),Nearctic,"Yamanaka, 2015"
Microceropsylla nigra,(Crowford),NA,マンゴーキジラミ,Outdoor: Greenhouse,Hemiptera,Sternorrhyncha,Psyllidae,1986,NA,Leaf (マンゴー),Indomalaya,"Yamanaka, 2015"
Rhacognathus corniger,NA,NA,ラデンキンカメムシ,Outdoor,Hemiptera,NA,Pentatomidae,2006,NA,Leaf,NA,"Yamanaka, 2015"
Aphytis yanonensis,DeBach and Rosen,NA,ヤノネキイロコバチ,BiolAge,Hymenoptera,NA,Aphelinidae,1983,I,Insect,Palearctic(Asia),"Yamanaka, 2015"
Coccobius fulvus,(Morrill),NA,ヤノネツヤコバチ,BiolAge,Hymenoptera,NA,Aphelinidae,1983,I,Insect,Palearctic(Asia),"Yamanaka, 2015"
Apanteles erionotae,NA,NA,Apanteleserionotae,BiolAge,Hymenoptera,NA,Braconidae,1975,I,Insect,Indomalaya,"Yamanaka, 2015"
Biosteres longicaudatus,Ashmead,NA,Biostereslongicaudatus,BiolAge,Hymenoptera,NA,Braconidae,1954,I,Insect,Oceania Palearctic(Asia) Indomalaya Australasia,"Yamanaka, 2015"
Biosteres oophilus oophilus,(Fullaway),NA,Biosteresoophilusoophilus,BiolAge,Hymenoptera,NA,Braconidae,1959,I,Insect,Oceania Indomalaya,"Yamanaka, 2015"
Phyttalia (Opius) fletcheri,NA,NA,ウリミバエコマユバチ,BiolAge,Hymenoptera,NA,Braconidae,1932,I,Insect,Palearctic(Asia) Indomalaya,"Yamanaka, 2015"
Aprostocetus formosanus,(Timberlake),NA,ウンカタマゴヤドリコバチ,NA,Hymenoptera,NA,Chalcididae,1969,NA,Insect,Indomalaya,"Yamanaka, 2015"
Ooencyrtus erionotae,Ferrire,NA,タマゴトビコバチの一種,BiolAge,Hymenoptera,NA,Encyrtidae,1975,I,Insect,Oceania Indomalaya,"Yamanaka, 2015"
Quadrastichus erythrinae,Kim,NA,デイゴヒメコバチ,NA,Hymenoptera,NA,Eulophidae,NA,NA,Leaf(樹木ゴール),Afrotropic,"Yamanaka, 2015"
Tamarixia radiata,NA,NA,ミカンキジラミヒメコバチ,BiolAge,Hymenoptera,NA,Eulophidae,1999,I,Insect,Indomalaya,"Yamanaka, 2015"
Anoplolepis gracilipes,Smith,Long-legged ant,アシナガキアリ,NA,Hymenoptera,NA,Formicidae,1972,NA,Insect: Seeds: DryA,Afrotropic Indomalaya,"Yamanaka, 2015"
Cardiocondyla kagutsuchi,Terayama,syn(C. nuda),ハダカアリ,NA,Hymenoptera,NA,Formicidae,NA,NA,Insect: Seeds: DryA,Palearctic(Asia),"Yamanaka, 2015"
Cardiocondyla minutior,NA,NA,ヒメハダカアリ,NA,Hymenoptera,NA,Formicidae,NA,NA,Insect: Seeds: DryA,Indomalaya,"Yamanaka, 2015"
Cardiocondyla obscurior,Wheeler,NA,キイロハダカアリ,NA,Hymenoptera,NA,Formicidae,1976,NA,Insect: Seeds: DryA,Indomalaya,"Yamanaka, 2015"
Cardiocondyla wroughtonii,(Forel),NA,ウスキイロハダカアリ,NA,Hymenoptera,NA,Formicidae,1992,NA,Insect: Seeds: DryA,Indomalaya Australasia,"Yamanaka, 2015"
Cerapachys biroi,Forel,NA,クビレハリアリ,NA,Hymenoptera,NA,Formicidae,NA,NA,Insect: Seeds: DryA,Indomalaya,"Yamanaka, 2015"
Hypoponera bondroiti,(Forel),NA,トビニセハリアリ,NA,Hymenoptera,NA,Formicidae,NA,NA,Insect: Seeds: DryA,Pantropic,"Yamanaka, 2015"
Hypoponera zwaluwenburgi,(Wheeler),NA,マルフシニセハリアリ,NA,Hymenoptera,NA,Formicidae,NA,NA,Insect: Seeds: DryA,unknown,"Yamanaka, 2015"
Lasius japonicus,Santschi,syn (Lasius niger),トビイロケアリ,NA,Hymenoptera,NA,Formicidae,1986,NA,Insect: Seeds: DryA,Palearctic(Asia),"Yamanaka, 2015"
Lasius sakagamii,Yamauchi et Hayashida,NA,カワラケアリ,NA,Hymenoptera,NA,Formicidae,1986,NA,Insect: Seeds: DryA,Palearctic(Asia),"Yamanaka, 2015"
Monomorium chinense,NA,NA,クロヒメアリ,NA,Hymenoptera,NA,Formicidae,NA,NA,Insect: Seeds: DryA,Indomalaya Palearctic(Asia),"Yamanaka, 2015"
Monomorium destructor,(Jerdon),Singapore ant,ミゾヒメアリ,NA,Hymenoptera,NA,Formicidae,NA,NA,Insect: Seeds: DryA,Afrotropic Indomalaya,"Yamanaka, 2015"
Monomorium floricola,(Jerdon),NA,フタイロヒメアリ,NA,Hymenoptera,NA,Formicidae,NA,NA,Insect: Seeds: DryA,Indomalaya,"Yamanaka, 2015"
Monomorium latinode,Mayr,NA,シワヒメアリ,NA,Hymenoptera,NA,Formicidae,NA,NA,Insect: Seeds: DryA,Indomalaya,"Yamanaka, 2015"
Monomorium pharaonis,Linnaeus,Pharaoh's ant,イエヒメアリ,NA,Hymenoptera,NA,Formicidae,NA,NA,Insect: Seeds: DryA,Afrotropic,"Yamanaka, 2015"
Myrmica kotokui,Collingwood,NA,シワクシケアリ,NA,Hymenoptera,NA,Formicidae,1990,NA,Insect: Seeds: DryA,Palearctic(Asia),"Yamanaka, 2015"
Ochetellus glaber,(Mayr),NA,ルリアリ,NA,Hymenoptera,NA,Formicidae,NA,NA,Insect: Seeds: DryA,Indomalaya,"Yamanaka, 2015"
Paratrechina longicornis,(Latreille),crazy ant,ヒゲナガアメイロアリ,NA,Hymenoptera,NA,Formicidae,NA,NA,Insect: Seeds: DryA,Indomalaya,"Yamanaka, 2015"
Pheidole fervens,NA,NA,ミナミオオズアリ,NA,Hymenoptera,NA,Formicidae,NA,NA,Insect: Seeds: DryA,NA,"Yamanaka, 2015"
Pheidole megacephala,(Fabricius),NA,ツヤオオズアリ,NA,Hymenoptera,NA,Formicidae,1934,NA,Insect: Seeds: DryA,Afrotropic,"Yamanaka, 2015"
Pheidole parva,NA,NA,ブギオオズアリ,NA,Hymenoptera,NA,Formicidae,NA,NA,Insect: Seeds: DryA,Indomalaya,"Yamanaka, 2015"
Pheidologeton diversus,(Jerdon),NA,ヨコヅナアリ,NA,Hymenoptera,NA,Formicidae,NA,NA,Insect: Seeds: DryA,Pantropic,"Yamanaka, 2015"
Pyramica membranifera,(Emery),syn (Trichoscapa membranifera),トカラウロコアリ,NA,Hymenoptera,NA,Formicidae,NA,NA,Insect: Seeds: DryA,Afrotropic,"Yamanaka, 2015"
Solenopsis geminata,(Fabricius),Fire ant,アカカミアリ,Sanit,Hymenoptera,NA,Formicidae,1967,NA,Insect: Seeds: DryA,Neotropic,"Yamanaka, 2015"
Strumigenys emmae,(Emery),syn (Quadristruma emmae),ヨフシウロコアリ,NA,Hymenoptera,NA,Formicidae,NA,NA,Insect: Seeds: DryA,Oceania,"Yamanaka, 2015"
Tapinoma melanocephalum,(Fabricius),NA,アワテコヌカアリ,NA,Hymenoptera,NA,Formicidae,NA,NA,Insect: Seeds: DryA,Indomalaya,"Yamanaka, 2015"
Tetramorium bicarinatum,Nylander,NA,オオシワアリ,NA,Hymenoptera,NA,Formicidae,NA,NA,Insect: Seeds: DryA,Indomalaya,"Yamanaka, 2015"
Tetramorium lanuginosum,Mayr,NA,イカリゲシワアリ,NA,Hymenoptera,NA,Formicidae,NA,NA,Insect: Seeds: DryA,Indomalaya,"Yamanaka, 2015"
Tetramorium simillimum,(F. Smith),NA,サザナミシワアリ,NA,Hymenoptera,NA,Formicidae,NA,NA,Insect: Seeds: DryA,Palearctic(Europe),"Yamanaka, 2015"
Eumicrosoma blissae,NA,NA,カンシャコバネカメムシタマゴバチ,NA,Hymenoptera,NA,Scelionidae,1914,NA,Insect,Palearctic(Asia)  Indomalaya,"Yamanaka, 2015"
Scelio hierogliphii,Timberlake,NA,バッタタマゴヤドリバチ,BiolAge,Hymenoptera,NA,Scelionidae,1974,I,Insect,Indomalaya,"Yamanaka, 2015"
Incisitermes immigrans,(Snyder),NA,ハワイシロアリ,Wood: Sanit,Isoptera,NA,Kalotermitidae,1998,NA,Wood,Neotropic Oceania,"Yamanaka, 2015"
Incisitermes minor,(Hagen),western drywood termite :  Western drywood termite,アメリカカンザイシロアリ,Wood: Sanit,Isoptera,NA,Kalotermitidae,2002,NA,Wood,Pantropic,"Yamanaka, 2015"
Coptotermes formosanus,Shiraki,Soil-nesting termite :  Formosan subterranean termite,イエシロアリ,Wood: Sanit,Isoptera,NA,Rhinotermitidae,1955,NA,Wood,Indomalaya,"Yamanaka, 2015"
Euploea mulciber,(Cramer),NA,ツマムラサキマダラ,Outdoor,Lepidoptera,NA,Danaidae,1992,NA,Leaf,Indomalaya,"Yamanaka, 2015"
Pectinophora gossypiella,(Saunders),cotton boll-worm :  pink bollworm,ワタアカミムシガ,Outdoor,Lepidoptera,NA,Gelechiidae,NA,NA,Leaf,Australasia Indomalaya,"Yamanaka, 2015"
Phthorimaea operculella,(Zeller),tobacco splitworm :  potato tuberworm:potato tubermoth,ジャガイモキバガ,Outdoor,Lepidoptera,NA,Gelechiidae,1967,NA,Leaf,Palearctic(Asia) Neotropic,"Yamanaka, 2015"
Sitotroga cerealella,(Olivier),Angoumois grain moth :  Angoumois grain moth:grain moth,バクガ,Stored,Lepidoptera,NA,Gelechiidae,NA,NA,Seeds,Pantropic,"Yamanaka, 2015"
Conopomorpha litchiella,(Bradley),NA,レイシホソガ,Outdoor: Greenhouse,Lepidoptera,NA,Gracillariidae,1989,NA,Fruits,Indomalaya,"Yamanaka, 2015"
Conopomorpha sinensis,Bradley,NA,レイシシロズホソガ,Outdoor: Greenhouse,Lepidoptera,NA,Gracillariidae,1990,NA,Fruits,Indomalaya,"Yamanaka, 2015"
Borbo cinnara,NA,NA,ユウレイセセリ,Outdoor,Lepidoptera,NA,Hesperiidae,NA,NA,Leaf,Indomalaya Australasia,"Yamanaka, 2015"
Erionota torus,Evans,NA,バナナセセリ,Outdoor,Lepidoptera,NA,Hesperiidae,1971,NA,Leaf,Indomalaya,"Yamanaka, 2015"
Suastus gremius,(Fabricius),NA,クロボシセセリ,Outdoor,Lepidoptera,NA,Hesperiidae,1973,NA,Leaf,Indomalaya,"Yamanaka, 2015"
Darna pallivitta,(Moore),NA,ハスオビイラガ,Outdoor,Lepidoptera,NA,Limacodidae,1995,NA,Leaf,Indomalaya,"Yamanaka, 2015"
Parasa lepida,(Cramer),NA,ヒロヘリアオイラガ,Outdoor,Lepidoptera,NA,Limacodidae,1982,NA,Leaf,Palearctic(Asia) Indomalaya,"Yamanaka, 2015"
Chilades pandava,(Horsfield),NA,クロマダラソテツシジミ,Outdoor,Lepidoptera,NA,Lycaenidae,1992,NA,Leaf,Indomalaya,"Yamanaka, 2015"
Zizula hylax,(Fabricius),NA,ホリイコシジミ,Outdoor,Lepidoptera,NA,Lycaenidae,1987,NA,Leaf,Indomalaya,"Yamanaka, 2015"
Chlumetia brevisigna,Holloway,NA,マンゴーフサヤガ,Outdoor: Greenhouse,Lepidoptera,NA,Noctuidae,1992,NA,Leaf: Fruits (マンゴー),Indomalaya,"Yamanaka, 2015"
Helicoverpa armigera,NA,NA,オオタバコガ,Outdoor: Greenhouse,Lepidoptera,NA,Noctuidae,NA,NA,Leaf: Fruits (様々な果物野菜を加害),NA,"Yamanaka, 2015"
Mocaldenia palumba,(Guenee),NA,シロモンアシブトクチバ,Outdoor,Lepidoptera,NA,Noctuidae,1995,NA,Fruits,Indomalaya,"Yamanaka, 2015"
Pericyma cruegeri,(Butler),NA,ホウオウボククチバ,Outdoor,Lepidoptera,NA,Noctuidae,1986,NA,Leaf (ホウオウボク),Indomalaya Afrotropic,"Yamanaka, 2015"
Peridroma saucia,(Hubner),NA,ニセタマナヤガ,Outdoor: Greenhouse,Lepidoptera,NA,Noctuidae,NA,NA,Leaf: Fruits (様々な果物野菜を加害),Neotropic,"Yamanaka, 2015"
Ariadne ariadne pallidior,Fruhstorfer,NA,カバタテハ,Outdoor,Lepidoptera,NA,Nymphalidae,1983,NA,Leaf,Indomalaya,"Yamanaka, 2015"
Athyma perius,NA,NA,シロミスジ,Outdoor,Lepidoptera,NA,Nymphalidae,1967,NA,Leaf,Indomalaya,"Yamanaka, 2015"
Cupha erymanthis,NA,NA,タイワンキマダラ,Outdoor,Lepidoptera,NA,Nymphalidae,1973,NA,Leaf,Indomalaya,"Yamanaka, 2015"
Parantica aglea maghaba,NA,NA,ヒメアサギマダラ,Outdoor,Lepidoptera,NA,Nymphalidae,2000,NA,Leaf,Indomalaya,"Yamanaka, 2015"
Pachiopta aristolochiae,NA,NA,ベニモンアゲハ,Outdoor,Lepidoptera,NA,Papilionidae,1968,NA,Leaf,Indomalaya,"Yamanaka, 2015"
Papilio xuthus,NA,NA,ナミアゲハ,Outdoor,Lepidoptera,NA,Papilionidae,NA,NA,Leaf,Palearctic(Asia),"Yamanaka, 2015"
Appias lyncida formosana,NA,NA,タイワンシロチョウ,Outdoor,Lepidoptera,NA,Pieridae,1984,NA,Leaf,Indomalaya,"Yamanaka, 2015"
Artogeia canidia,Sparrman,NA,タイワンモンシロチョウ,Outdoor,Lepidoptera,NA,Pieridae,1988,NA,Leaf,Indomalaya,"Yamanaka, 2015"
Leptosia nina niobe,NA,NA,クロテンシロチョウ,Outdoor,Lepidoptera,NA,Pieridae,1988,NA,Leaf,Indomalaya,"Yamanaka, 2015"
Pieris rapae,(Linnaeus),cabbage-butterfly,モンシロチョウ,Outdoor,Lepidoptera,NA,Pieridae,1958,NA,Leaf,Palearctic(Asia) Palearctic(Europe),"Yamanaka, 2015"
Eumeta japonica,NA,NA,オオミノガ,Outdoor,Lepidoptera,NA,Psychidae,NA,NA,Leaf,Palearctic(Asia),"Yamanaka, 2015"
Manatha taiwana,"(Sonan, 1935)",NA,アシシロマルバネミノガ,Outdoor,Lepidoptera,NA,Psychidae,1997,NA,Leaf,Indomalaya Palearctic(Asia),"Yamanaka, 2015"
Diacrotricha fasciola,Zeller,NA,ゴレンシトリバ,Outdoor,Lepidoptera,NA,Pterophoridae,2005,NA,Fruits (スターフルーツ),Indomalaya,"Yamanaka, 2015"
Corcyra cephalonica,(Stainton),rice meal moth,ガイマイツヅリガ,Stored,Lepidoptera,NA,Pyralidae,1920,NA,Stored,Palearctic(Europe),"Yamanaka, 2015"
Crocidolomia pavonana,(Fabricius),cabbage cluster caterpillar,ケブカノメイガ,Outdoor,Lepidoptera,NA,Pyralidae,1989,NA,Leaf (アブラナ科),Indomalaya Afrotropic,"Yamanaka, 2015"
Doloessa viridis,NA,NA,ミドリツヅリガ,Stored,Lepidoptera,NA,Pyralidae,2002,NA,Roots (イモ・貯穀害虫),Indomalaya,"Yamanaka, 2015"
Leucinodes orbonalis,Guenee,NA,ナスノメイガ,Outdoor: Greenhouse,Lepidoptera,NA,Pyralidae,1964,NA,Leaf: Fruits (ナス),Palearctic(Asia) Indomalaya,"Yamanaka, 2015"
Omphisa anastomosalis,(Guenee),Sweet potato vine borer :  sweetpotato vine borer,サツマイモノメイガ,Outdoor,Lepidoptera,NA,Pyralidae,1941,NA,Leaf: Roots,Palearctic(Asia) Indomalaya,"Yamanaka, 2015"
Paralipsa gularis,(Zeller),stored nut moth,ツヅリガ,Stored,Lepidoptera,NA,Pyralidae,NA,NA,Seeds,Indomalaya,"Yamanaka, 2015"
Parapediasia teterrella,(Zinchen),NA,シバツトガ,Outdoor,Lepidoptera,NA,Pyralidae,1970,NA,Leaf (芝),Nearctic Neotropic,"Yamanaka, 2015"
Plodia interpunctella,(Hübner),Indian meal moth :  Indian meal moth,ノシメマダラメイガ,Stored,Lepidoptera,NA,Pyralidae,NA,NA,Seeds,Neotropic,"Yamanaka, 2015"
Pralis sp,NA,NA,メイガの１種,Stored,Lepidoptera,NA,Pyralidae,NA,NA,Seeds,NA,"Yamanaka, 2015"
Pyralis farinalis,(Linnaeus),NA,カシノシマメイガ,Stored,Lepidoptera,NA,Pyralidae,NA,NA,Seeds,Cosmopolitan,"Yamanaka, 2015"
Scirpophaga incertulas,(Walker),NA,イッテンオオメイガ,Outdoor,Lepidoptera,NA,Pyralidae,NA,NA,Leaf,Indomalaya,"Yamanaka, 2015"
Daphnis nerii,(Linnaeus),NA,キョウチクトウスズメ,Outdoor,Lepidoptera,NA,Sphingidae,1966,NA,Leaf,Indomalaya Afrotropic,"Yamanaka, 2015"
Nemapogon granella,(Linnaeus),European grain moth:corn moth:mottled grain moth,コクガ,Stored,Lepidoptera,NA,Tineidae,NA,NA,Seeds,Palearctic(Asia),"Yamanaka, 2015"
Opogona sacchari,(Bojer),Banana Moth,クロテンオオメンコガ,Outdoor: Greenhouse,Lepidoptera,NA,Tineidae,1999,NA,Leaf: Fruits (サツマイモからパッションフルーツまで広食),Afrotropic,"Yamanaka, 2015"
Tineidaegen,NA,NA,Tineidaegen.sp.I,Stored,Lepidoptera,NA,Tineidae,NA,NA,Fungus,NA,"Yamanaka, 2015"
Tineola bisselliella,(Hummel),Webbing Clothes Moth: Carpet Moth,コイガ,Stored,Lepidoptera,NA,Tineidae,NA,NA,DryA,Palearctic(Europe),"Yamanaka, 2015"
Statherotis discana,(Felder et Rogenhofer),NA,レイシヒメハマキ,Outdoor: Greenhouse,Lepidoptera,NA,Tortricidae,1990,NA,Leaf: Fruits (ライチ),Indomalaya,"Yamanaka, 2015"
Plutella xylostella,NA,NA,コナガ,Outdoor,Lepidoptera,NA,Yponmeutidae,NA,NA,Leaf,Palearctic(Asia) Palearctic(Europe),"Yamanaka, 2015"
Balataea funeralis,NA,NA,タケノホソクロバ,Outdoor,Lepidoptera,NA,Zygaenidae,1937,NA,Leaf,Palearctic(Asia),"Yamanaka, 2015"
Damalinia bovis,NA,NA,ウシハジラミ,Sanit,Mallophage,NA,Linognathidae,NA,NA,Animal,Cosmopolitan,"Yamanaka, 2015"
Orthodera burmeisteri,NA,NA,ナンヨウカマキリ,NA,Mantodea,NA,Mantidae,NA,NA,Insect,NA,"Yamanaka, 2015"
Tenodera angustipennis,NA,NA,チョウセンカマキリ,NA,Mantodea,NA,Mantidae,NA,NA,Insect,Palearctic (Asia),"Yamanaka, 2015"
Gryllodes supplicans,(F. Walker),syn (Gryllodes sigillatus): European mole cricket,カマドコオロギ,NA,Orthoptera,NA,Gryllidae,NA,NA,Seeds: DryA,Indomalaya,"Yamanaka, 2015"
Gampsocleis mikado,Burr,NA,ヒガシキリギリス,NA,Orthoptera,NA,Tettigoniidae,2003,NA,Seeds: Leaf,Palearctic(Asia),"Yamanaka, 2015"
Homoeoxipha lycoides,(Walker),NA,フタイロヒバリ,Outdoor,Orthoptera,NA,Trigonidiidae,1993,NA,Seeds: DryA,Indomalaya,"Yamanaka, 2015"
Neohirasea japonica,NA,NA,トゲナナフシ,Outdoor,Phasmida,NA,Phasmatidae,1994,NA,Leaf (バラ・アザミ）,Palearctic(Asia) Japan,"Yamanaka, 2015"
Pediculus humanus,NA,NA,ヒトジラミ,Sanit,Phthiraptera,NA,Pediculidae,NA,NA,Animal,Palearctic(Asia),"Yamanaka, 2015"
Phthirus pubis,(Linnaeus),NA,ケジラミ,Sanit,Phthiraptera,NA,Pthiridae,NA,NA,Animal,Palearctic(Asia),"Yamanaka, 2015"
Ctenocephalides canis,(Curtis),NA,イヌノミ,Sanit,Siphonaptera,NA,Pulicidae,NA,NA,Animal,Palearctic(Europe),"Yamanaka, 2015"
Ctenocephalides felis,(Bouche),Cat flea,ネコノミ,Sanit,Siphonaptera,NA,Pulicidae,NA,NA,Animal,Cosmopolitan,"Yamanaka, 2015"
Echidnophaga gallinacea,(Westwood),Sticktight flea :  sticktight flea,ニワトリフトノミ,Sanit,Siphonaptera,NA,Pulicidae,NA,NA,Animal,Indomalaya,"Yamanaka, 2015"
Pulex irritans,(Linnaeus),Human flea :  human flea,ヒトノミ,Sanit,Siphonaptera,NA,Pulicidae,NA,NA,Animal,Cosmopolitan,"Yamanaka, 2015"
Xenopsylla cheopis,(Rothschild),Indian rat flea,ケオプスネズミノミ,Sanit,Siphonaptera,NA,Pulicidae,NA,NA,Animal,Afrotropic,"Yamanaka, 2015"
Franklinothrips vespiformis,(Crawford),NA,アリガタシマアザミウマ,BiolAge,Thysanoptera,NA,Aeolothripidae,1996,I,Insect,Neotropic,"Yamanaka, 2015"
Echinothrips americanus,Morgan,NA,モトジロアザミウマ,Outdoor,Thysanoptera,NA,Thripidae,1999,NA,Leaf (ミョウガ),Nearctic,"Yamanaka, 2015"
Frankliniella cephalica,NA,NA,Frankliniellacephalica,Greenhouse,Thysanoptera,NA,Thripidae,1996,NA,Leaf (花卉類),Nearctic,"Yamanaka, 2015"
Frankliniella occidentalis,(Pergande),Western flower thrips :  Western flower thrips,ミカンキイロアザミウマ,Outdoor: Greenhouse,Thysanoptera,NA,Thripidae,1999,NA,Leaf: Fruits (果物・野菜全般),Nearctic,"Yamanaka, 2015"
Heliothrips haemorrhoidalis,(Bouché),greenhouse thrips:glasshouse thrips,クロトンアザミウマ,Outdoor: Greenhouse,Thysanoptera,NA,Thripidae,1937,NA,Leaf: Fruits (果物・野菜全般),Neotropic,"Yamanaka, 2015"
Hydatothrips samayunkur,Kudo,NA,トラフアザミウマ,Outdoor: Greenhouse,Thysanoptera,NA,Thripidae,1994,NA,Leaf (マリーゴールド),Neotropic,"Yamanaka, 2015"
Megalurothrips distalis,NA,NA,マメハナアザミウマ,Outdoor,Thysanoptera,NA,Thripidae,NA,NA,Leaf (マメ科の花？),Palearctic(Asia) Indomalaya,"Yamanaka, 2015"
Microcephalothrips abdominalis,(Crawford),composite thrips,コスモスアザミウマ,Outdoor: Greenhouse,Thysanoptera,NA,Thripidae,NA,NA,Leaf (コスモス・マリーゴールド),Pantropic,"Yamanaka, 2015"
Scirtothrips dorsalis,Hood,yellow tea thrips,チャノキイロアザミウマ,Outdoor: Greenhouse,Thysanoptera,NA,Thripidae,2008,NA,Leaf (チャ、花卉も加害するらしい),Indomalaya,"Yamanaka, 2015"
Selenothrips rubrocinctus,(Giard),"red banded thrips, cacao thrips",アカオビアザミウマ,Outdoor: Greenhouse,Thysanoptera,NA,Thripidae,1991,NA,Leaf: Fruits (果物・野菜・樹木),Neotropic Afrotropic Indomalaya,"Yamanaka, 2015"
Thrips hawaiiensis,(Morgan),flower thrips,ハナアザミウマ,Outdoor: Greenhouse,Thysanoptera,NA,Thripidae,NA,NA,Leaf (花卉類花粉),Indomalaya,"Yamanaka, 2015"
Thrips palmi,Karny,Melon thrips :  gladiolus thrips,ミナミキイロアザミウマ,Outdoor: Greenhouse,Thysanoptera,NA,Thripidae,1980,NA,Leaf (ピーマンのほか花卉類花粉),Cosmopolitan,"Yamanaka, 2015"
Thrips simplex,(Morison),Gladiolus thrips :  gladiolus thrips,グラジオラスアザミウマ,Outdoor: Greenhouse,Thysanoptera,NA,Thripidae,1987,NA,Leaf (花卉類花粉),Palearctic(Asia) Afrotropic,"Yamanaka, 2015"
Thrips tabaci,Lindeman,Tobacco or Onion thrips :  onion thrips:cotton seedling thrips,ネギアザミウマ,Outdoor: Greenhouse,Thysanoptera,NA,Thripidae,NA,NA,Leaf (葱・にんにく、ピーマン),Palearctic(Asia),"Yamanaka, 2015"
Lepisma saccharina,NA,NA,セイヨウシミ,Stored,Thysanura,NA,Lepismatidae,NA,NA,DryA: Animal,Palearctic(Europe),"Yamanaka, 2015"
Thermobia domestica,NA,NA,マダラシミ,Stored,Thysanura,NA,Lepismatidae,NA,NA,DryA: Animal,NA,"Yamanaka, 2015"
